web-scraper-order,web-scraper-start-url,accession
"1739490987-1","https://sra-explorer.info/","ERR9763078"
"1739490987-2","https://sra-explorer.info/","ERR9763079"
"1739490987-3","https://sra-explorer.info/","ERR9763080"
"1739490987-4","https://sra-explorer.info/","ERR9763081"
"1739490987-5","https://sra-explorer.info/","ERR9763082"
"1739490987-6","https://sra-explorer.info/","ERR9763083"
"1739490987-7","https://sra-explorer.info/","ERR9763084"
"1739490987-8","https://sra-explorer.info/","ERR9763085"
"1739490987-9","https://sra-explorer.info/","ERR9763086"
"1739490987-10","https://sra-explorer.info/","ERR9763087"
"1739490987-11","https://sra-explorer.info/","ERR9763088"
"1739490987-12","https://sra-explorer.info/","ERR9763089"
"1739490987-13","https://sra-explorer.info/","ERR9763090"
"1739490987-14","https://sra-explorer.info/","ERR9763091"
"1739490987-15","https://sra-explorer.info/","ERR9763092"
"1739490987-16","https://sra-explorer.info/","ERR9763093"
"1739490987-17","https://sra-explorer.info/","ERR9763094"
"1739490987-18","https://sra-explorer.info/","ERR9763095"
"1739490987-19","https://sra-explorer.info/","ERR9763096"
"1739490987-20","https://sra-explorer.info/","ERR9763097"
"1739490987-21","https://sra-explorer.info/","ERR9763098"
"1739490987-22","https://sra-explorer.info/","ERR9763099"
"1739490987-23","https://sra-explorer.info/","ERR9763100"
"1739490987-24","https://sra-explorer.info/","ERR9763101"
"1739490987-25","https://sra-explorer.info/","ERR9763102"
"1739490987-26","https://sra-explorer.info/","ERR9763103"
"1739490987-27","https://sra-explorer.info/","ERR9763104"
"1739490987-28","https://sra-explorer.info/","ERR9763105"
"1739490987-29","https://sra-explorer.info/","ERR9763106"
"1739490987-30","https://sra-explorer.info/","ERR9763107"
"1739490987-31","https://sra-explorer.info/","ERR9763108"
"1739490987-32","https://sra-explorer.info/","ERR9763109"
"1739490987-33","https://sra-explorer.info/","ERR9763110"
"1739490987-34","https://sra-explorer.info/","ERR9763111"
"1739490987-35","https://sra-explorer.info/","ERR9763112"
"1739490987-36","https://sra-explorer.info/","ERR9763113"
"1739490987-37","https://sra-explorer.info/","ERR9763114"
"1739490987-38","https://sra-explorer.info/","ERR9763115"
"1739490987-39","https://sra-explorer.info/","ERR9763116"
"1739490987-40","https://sra-explorer.info/","ERR9763117"
"1739490987-41","https://sra-explorer.info/","ERR9763118"
"1739490987-42","https://sra-explorer.info/","ERR9763119"
"1739490987-43","https://sra-explorer.info/","ERR9763120"
"1739490987-44","https://sra-explorer.info/","ERR9763121"
"1739490987-45","https://sra-explorer.info/","ERR9763122"
"1739490987-46","https://sra-explorer.info/","ERR9763123"
"1739490987-47","https://sra-explorer.info/","ERR9763124"
"1739490987-48","https://sra-explorer.info/","ERR9763125"
"1739490987-49","https://sra-explorer.info/","ERR9763126"
"1739490987-50","https://sra-explorer.info/","ERR9763127"
"1739490987-51","https://sra-explorer.info/","ERR9763128"
"1739490987-52","https://sra-explorer.info/","ERR9763129"
"1739490987-53","https://sra-explorer.info/","ERR9763130"
"1739490987-54","https://sra-explorer.info/","ERR9763131"
"1739490987-55","https://sra-explorer.info/","ERR9763132"
"1739490987-56","https://sra-explorer.info/","ERR9763133"
"1739490987-57","https://sra-explorer.info/","ERR9763134"
"1739490987-58","https://sra-explorer.info/","ERR9763135"
"1739490987-59","https://sra-explorer.info/","ERR9763136"
"1739490987-60","https://sra-explorer.info/","ERR9763137"
"1739490987-61","https://sra-explorer.info/","ERR9763138"
"1739490987-62","https://sra-explorer.info/","ERR9763139"
"1739490987-63","https://sra-explorer.info/","ERR9763140"
"1739490987-64","https://sra-explorer.info/","ERR9763141"
"1739490987-65","https://sra-explorer.info/","ERR9763142"
"1739490987-66","https://sra-explorer.info/","ERR9763143"
"1739490987-67","https://sra-explorer.info/","ERR9763144"
"1739490987-68","https://sra-explorer.info/","ERR9763145"
"1739490987-69","https://sra-explorer.info/","ERR9763146"
"1739490987-70","https://sra-explorer.info/","ERR9763147"
"1739490987-71","https://sra-explorer.info/","ERR9763148"
"1739490987-72","https://sra-explorer.info/","ERR9763149"
"1739490987-73","https://sra-explorer.info/","ERR9763150"
"1739490987-74","https://sra-explorer.info/","ERR9763151"
"1739490987-75","https://sra-explorer.info/","ERR9763152"
"1739490987-76","https://sra-explorer.info/","ERR9763153"
"1739490987-77","https://sra-explorer.info/","ERR9763154"
"1739490987-78","https://sra-explorer.info/","ERR9763155"
"1739490987-79","https://sra-explorer.info/","ERR9763156"
"1739490987-80","https://sra-explorer.info/","ERR9763157"
"1739490987-81","https://sra-explorer.info/","ERR9763158"
"1739490987-82","https://sra-explorer.info/","ERR9763159"
"1739490987-83","https://sra-explorer.info/","ERR9763160"
"1739490987-84","https://sra-explorer.info/","ERR9763161"
"1739490987-85","https://sra-explorer.info/","ERR9763162"
"1739490987-86","https://sra-explorer.info/","ERR9763163"
"1739490987-87","https://sra-explorer.info/","ERR9763164"
"1739490987-88","https://sra-explorer.info/","ERR9763165"
"1739490987-89","https://sra-explorer.info/","ERR9763166"
"1739490987-90","https://sra-explorer.info/","ERR9763167"
"1739490987-91","https://sra-explorer.info/","ERR9763168"
"1739490987-92","https://sra-explorer.info/","ERR9763169"
"1739490987-93","https://sra-explorer.info/","ERR9763170"
"1739490987-94","https://sra-explorer.info/","ERR9763171"
