,feature,mean clr,std clr
0,d__Bacteria;p__Bacillota_A_368345;c__Clostridia_258483;o__Oscillospirales;f__Acutalibacteraceae;g__CAG-964,-7.914687773453989,1.7200789761189035
1,d__Bacteria;p__Bacillota_A_368345;c__Clostridia_258483;o__Lachnospirales;f__Lachnospiraceae;g__Butyrivibrio_A_180067,-5.991394573453985,1.930922383523643
2,d__Bacteria;p__Bacteroidota;c__Bacteroidia;__;__;__,-5.072929373453989,2.076258193948774
3,d__Bacteria;p__Bacillota_A_368345;c__Clostridia_258483;o__TANB77;f__CAG-508;g__Merdicola,-5.003455947453985,2.1177351899846584
4,d__Bacteria;p__Verrucomicrobiota;c__Lentisphaeria;o__Victivallales;f__UBA1829;g__UBA1732,-4.98641703345399,1.9617130736281088
5,d__Bacteria;p__Spirochaetota;c__Spirochaetia;o__Treponematales;f__Treponemataceae;g__Treponema_D,-4.814795673453989,2.232000603326329
6,d__Bacteria;p__Bacteroidota;c__Bacteroidia;o__Bacteroidales;f__Marinifilaceae;g__Odoribacter_865974,-4.409200333453987,1.968012952324936
7,d__Bacteria;p__Bacillota_A_368345;c__Clostridia_258483;o__Oscillospirales;f__Ruminococcaceae;g__Anaerotruncus,-4.338471543453988,2.0904474046954222
8,d__Bacteria;p__Bacillota_A_368345;c__Clostridia_258483;o__Christensenellales;f__Borkfalkiaceae;g__UBA1259,-4.33607304345399,2.212562188013663
9,d__Bacteria;p__Actinomycetota;c__Coriobacteriia;o__Coriobacteriales;f__Eggerthellaceae;g__Anaerotardibacter,-4.08532140345399,2.3192966303561793
10,d__Bacteria;p__Bacillota_A_368345;c__Clostridia_258483;o__Monoglobales;f__Monoglobaceae;g__,-4.074026859453987,2.5910460989186648
11,d__Bacteria;p__Verrucomicrobiota;c__Lentisphaeria;o__Victivallales;f__Victivallaceae;g__Victivallis,-3.9781046964539883,2.24238670355388
12,d__Bacteria;p__Patescibacteria;c__Saccharimonadia;o__Saccharimonadales;f__Nanosynbacteraceae;g__Nanosynbacter,-3.9241051410539893,2.3695637069220923
13,d__Bacteria;p__Bacillota_A_368345;c__Clostridia_258483;o__Oscillospirales;f__UBA644;g__UBA644,-3.7942822134539878,2.2907473250109627
14,d__Bacteria;p__Bacillota_A_368345;c__Clostridia_258483;o__Christensenellales;f__CAG-138;__,-3.694277751453989,2.184923065059281
15,d__Bacteria;p__Bacillota_A_368345;c__Clostridia_258483;o__Peptostreptococcales;__;__,-3.6887731934539882,2.5268449461455322
16,d__Bacteria;p__Bacillota_I;c__Bacilli_A;o__Erysipelotrichales;f__Erysipelotrichaceae;g__UBA636,-3.560907273453988,2.5584328433097
17,d__Bacteria;p__Bacillota_A_368345;c__Clostridia_258483;o__;f__;g__,-3.546706900453986,2.5635511017563375
18,d__Bacteria;p__Bacteroidota;c__Bacteroidia;o__Bacteroidales;f__Rikenellaceae;__,-2.7111325064539886,2.7524455975572915
19,d__Bacteria;p__Bacillota_A_368345;c__Clostridia_258483;o__Oscillospirales;f__CAG-272;g__Avispirillum,-2.3985078434539893,3.269539754856801
20,d__Bacteria;p__Bacillota_A_368345;c__Clostridia_258483;o__Lachnospirales;f__Anaerotignaceae;g__,-2.2553888855539883,3.2220054124915625
21,d__Bacteria;p__Bacillota_A_368345;c__Clostridia_258483;o__Oscillospirales;f__Ruminococcaceae;g__Huintestinicola,-2.2409509334539885,1.0268735062733099
22,d__Bacteria;p__Bacillota_A_368345;c__Clostridia_258483;o__Oscillospirales;f__Oscillospiraceae_88309;g__Onthomonas,-2.213804628353989,3.0254823080145457
23,d__Bacteria;p__Bacillota_A_368345;c__Clostridia_258483;o__Peptostreptococcales;f__Anaerovoracaceae;g__CAG-238,-2.201379732453989,3.2965628751194056
24,d__Bacteria;p__Bacillota_A_368345;c__Clostridia_258483;o__Oscillospirales;f__Ruminococcaceae;g__Ruminococcus_F,-2.1838278934539876,3.8529212392749246
25,d__Bacteria;p__Bacillota_A_368345;c__Clostridia_258483;o__Christensenellales;f__;g__,-2.129765866453988,2.9344550001310115
26,d__Bacteria;p__Bacillota_I;c__Bacilli_A;o__Erysipelotrichales;f__Erysipelotrichaceae;g__Holdemania,-2.112150472453988,2.935329896130341
27,d__Bacteria;p__Bacillota_A_368345;c__Clostridia_258483;o__Lachnospirales;f__;g__,-2.1045352764539884,3.7420163461380382
28,d__Bacteria;p__Bacillota_A_368345;c__Clostridia_258483;o__Oscillospirales;f__Oscillospiraceae_88309;g__Evtepia,-2.022574443353987,3.1616162436445894
29,d__Bacteria;p__Bacillota_I;c__Bacilli_A;o__Staphylococcales;f__Gemellaceae;g__Gemella,-2.0176656264539883,3.174706716388508
30,d__Bacteria;p__Bacillota_I;c__Bacilli_A;o__Lactobacillales;f__Aerococcaceae;g__Granulicatella,-1.9744431934539879,3.949957214535328
31,d__Bacteria;p__Bacteroidota;c__Bacteroidia;o__Bacteroidales;f__Muribaculaceae;g__Limisoma,-1.9640871734539886,0.5687448865994604
32,d__Bacteria;p__Bacillota_A_368345;c__Clostridia_258483;o__Christensenellales;f__Christensenellaceae;g__,-1.8199284534539888,3.5008535798066047
33,d__Bacteria;p__Bacillota_A_368345;c__Clostridia_258483;o__Oscillospirales;f__Acutalibacteraceae;g__Solibaculum,-1.7619809134539874,3.3513446918573937
34,d__Bacteria;p__Cyanobacteriota;c__Vampirovibrionia;o__Gastranaerophilales;f__Gastranaerophilaceae;g__Stercorousia,-1.732297240453988,4.34226928395541
35,d__Bacteria;p__Actinomycetota;c__Actinomycetes;o__Actinomycetales;f__Actinomycetaceae;g__Pauljensenia,-1.7310927054539877,3.9275621092191932
36,d__Bacteria;p__Bacillota_C;c__Negativicutes;o__Veillonellales;f__Dialisteraceae;g__Allisonella,-1.7132802694539881,3.5630468204329273
37,d__Bacteria;p__Bacillota_A_368345;c__Clostridia_258483;o__Oscillospirales;f__Acutalibacteraceae;g__UMGS1071,-1.7039828934539871,4.425636560516594
38,d__Bacteria;p__Bacillota_A_368345;c__Clostridia_258483;o__Christensenellales;f__Aristaeellaceae;g__,-1.6996687604539877,3.510974201248879
39,d__Bacteria;p__Bacillota_A_368345;c__Clostridia_258483;o__Peptostreptococcales;f__Anaerovoracaceae;g__Hominibacterium,-1.6375194335639884,3.6346477791585525
40,d__Bacteria;p__Bacillota_A_368345;c__Clostridia_258483;o__Oscillospirales;f__Acutalibacteraceae;g__CAG-488,-1.6329370734539876,0.28567082162874646
41,d__Bacteria;__;__;__;__;__,-1.628027273453988,0.3233676653292221
42,d__Bacteria;p__Bacillota_A_368345;c__Clostridia_258483;o__Oscillospirales;f__Butyricicoccaceae;g__Butyricicoccus_A_77030,-1.619176673453988,0.7148448634497448
43,d__Bacteria;p__Desulfobacterota_G_459543;c__Desulfovibrionia;o__Desulfovibrionales;f__Desulfovibrionaceae;g__Mailhella,-1.6022338454539884,3.3623874653411314
44,d__Bacteria;p__Bacillota_A_368345;c__Clostridia_258483;o__Christensenellales;f__Aristaeellaceae;__,-1.5783810954539885,2.8303597187465224
45,d__Bacteria;p__Pseudomonadota;c__Gammaproteobacteria;o__Enterobacterales_737866;f__Enterobacteriaceae_A_732334;__,-1.565730443453988,0.8012809667317371
46,d__Bacteria;p__Synergistota;c__Synergistia;o__Synergistales;f__Synergistaceae;g__Cloacibacillus,-1.556937903453987,0.692999738113446
47,d__Bacteria;p__Bacillota_A_368345;c__Clostridia_258483;o__Oscillospirales;f__Oscillospiraceae_88309;g__Intestinimonas,-1.5455874934539884,3.1371490351625644
48,d__Bacteria;p__Bacillota_A_368345;c__Clostridia_258483;o__Christensenellales;f__CAG-138;g__Aphodomorpha,-1.541382193453987,0.5791055439254061
49,d__Bacteria;p__Bacteroidota;c__Bacteroidia;o__Bacteroidales;f__Bacteroidaceae;g__UBA6382,-1.5349012204539878,3.7907450316439903
50,d__Bacteria;p__Desulfobacterota_G_459543;c__Desulfovibrionia;o__Desulfovibrionales;f__Desulfovibrionaceae;g__Bilophila,-1.5159226134539885,0.8799041460369446
51,d__Bacteria;p__Pseudomonadota;c__Gammaproteobacteria;o__Enterobacterales_737866;f__Succinivibrionaceae;g__Succinivibrio,-1.4429903734539886,0.35046595432047606
52,d__Bacteria;p__Cyanobacteriota;c__Vampirovibrionia;o__Gastranaerophilales;f__Gastranaerophilaceae;g__Zag111,-1.436704215453988,3.9228191259532266
53,d__Bacteria;p__Bacillota_A_368345;c__Clostridia_258483;o__Oscillospirales;f__Acutalibacteraceae;g__Hydrogeniiclostridium,-1.401302321453989,4.124822654814372
54,d__Bacteria;p__Bacillota_I;c__Bacilli_A;o__RF39;f__UBA660;g__RUG13038,-1.3902865534539879,4.6181592270054015
55,d__Bacteria;p__Bacteroidota;c__Bacteroidia;o__Bacteroidales;f__Rikenellaceae;g__Alistipes_A_871404,-1.3802800414539882,4.031820678343591
56,d__Bacteria;p__Bacillota_A_368345;c__Clostridia_258483;o__Monoglobales;f__Monoglobaceae;g__Monoglobus,-1.3796976384539883,3.472649012728996
57,d__Bacteria;p__Bacteroidota;c__Bacteroidia;o__Bacteroidales;f__UBA932;g__Cryptobacteroides,-1.3397987034539884,0.39847996563430127
58,d__Bacteria;p__Bacillota_A_368345;c__Clostridia_258483;o__Lachnospirales;f__Anaerotignaceae;g__Anaerotignum_189125,-1.3280214574539884,1.008175216265757
59,d__Bacteria;p__Desulfobacterota_G_459543;c__Desulfovibrionia;o__Desulfovibrionales;f__Desulfovibrionaceae;g__Desulfovibrio_446353,-1.3243555054539877,1.0138446537975732
60,d__Bacteria;p__Actinomycetota;c__Coriobacteriia;o__Coriobacteriales;__;__,-1.3218670624539877,0.9722641603795152
61,d__Bacteria;p__Bacillota_A_368345;c__Clostridia_258483;o__Peptostreptococcales;f__Anaerovoracaceae;__,-1.2984423134539884,0.6450564166528138
62,d__Bacteria;p__Bacillota_I;c__Bacilli_A;o__Bacillales_B_306089;__;__,-1.2966911124539886,3.273103126335826
63,d__Bacteria;p__Bacillota_I;c__Bacilli_A;o__RF39;f__UBA660;__,-1.2876624014539886,2.9889025849161253
64,d__Bacteria;p__Bacillota_A_368345;c__Clostridia_258483;o__Lachnospirales;f__Lachnospiraceae;g__Howardella,-1.2874583424539885,1.0425679293475691
65,d__Bacteria;p__Actinomycetota;c__Coriobacteriia;o__Coriobacteriales;f__Atopobiaceae;g__UBA1367,-1.278943843453988,3.8128896991202823
66,d__Bacteria;p__Pseudomonadota;c__Alphaproteobacteria;o__RF32;f__CAG-239;g__Scatocola,-1.2364357134539887,0.9270187403158393
67,d__Bacteria;p__Bacillota_A_368345;c__Clostridia_258483;o__Lachnospirales;f__Lachnospiraceae;g__Oribacterium,-1.225314263453988,0.495304106088876
68,d__Bacteria;p__Bacteroidota;c__Bacteroidia;o__Bacteroidales;f__Muribaculaceae;g__UBA7173,-1.1981642034539879,1.1122938850740913
69,d__Bacteria;p__Bacillota_A_368345;c__Clostridia_258483;o__Oscillospirales;f__Acutalibacteraceae;g__UBA737,-1.0948221952539883,1.1703506483204358
70,d__Bacteria;p__Bacillota_A_368345;c__Clostridia_258483;o__Oscillospirales;f__Butyricicoccaceae;g__,-1.0909089884539878,3.2979679687381287
71,d__Bacteria;p__Actinomycetota;c__Coriobacteriia;o__Coriobacteriales;f__Eggerthellaceae;g__Gordonibacter,-1.0596475444539883,0.9445804324538869
72,d__Bacteria;p__Bacillota_A_368345;c__Clostridia_258483;o__Oscillospirales;f__Ruminococcaceae;g__Merdimmobilis,-1.0497717324539884,3.8170028852439404
73,d__Bacteria;p__Bacillota_A_368345;c__Clostridia_258483;o__TANB77;f__CAG-508;g__UMGS1994,-1.047180433453988,0.3958693846503445
74,d__Bacteria;p__Pseudomonadota;c__Alphaproteobacteria;o__RF32;f__CAG-239;g__51-20,-1.0343251334539882,0.4430705023138364
75,d__Bacteria;p__Bacteroidota;c__Bacteroidia;o__Bacteroidales;f__Coprobacteraceae;g__Coprobacter,-1.026063401453988,3.906927411736555
76,d__Bacteria;p__Bacillota_A_368345;c__Clostridia_258483;o__Oscillospirales;f__Acutalibacteraceae;g__Acutalibacter,-0.9402837734539876,0.27233233019861675
77,d__Bacteria;p__Bacillota_A_368345;c__Clostridia_258483;o__Oscillospirales;f__Ruminococcaceae;g__Angelakisella,-0.9240285634539877,0.3758364825149831
78,d__Bacteria;p__Bacillota_A_368345;c__Clostridia_258483;o__UBA1381;f__UBA1381;g__Hominilimicola,-0.9003536134539882,0.29343158765067806
79,d__Bacteria;p__Bacillota_A_368345;c__Clostridia_258483;o__Lachnospirales;f__Anaerotignaceae;__,-0.8694854194539886,4.02569073099112
80,d__Bacteria;p__Bacteroidota;c__Bacteroidia;o__Bacteroidales;f__Rikenellaceae;g__Alistipes_A_871400,-0.8625906334539877,0.20618196706687075
81,d__Bacteria;p__Bacillota_A_368345;c__Clostridia_258483;o__Oscillospirales;f__Ruminococcaceae;g__Gemmiger_A_73276,-0.8232528622339879,3.885394812401124
82,d__Bacteria;p__Bacillota_A_368345;c__Clostridia_258483;o__TANB77;f__CAG-508;g__CAG-269,-0.7992024034539884,0.36135656180085235
83,d__Bacteria;p__Bacillota_A_368345;c__Clostridia_258483;o__Oscillospirales;f__Ruminococcaceae;g__Fournierella,-0.7825299284539879,0.9425943021205979
84,d__Bacteria;p__Bacillota_A_368345;c__Clostridia_258483;o__Oscillospirales;f__Ruminococcaceae;__,-0.7586727834539883,0.30021781665103614
85,d__Bacteria;p__Bacteroidota;c__Bacteroidia;o__Bacteroidales;f__Bacteroidaceae;g__Paraprevotella,-0.7491476834539883,0.2967197351694793
86,d__Bacteria;p__Synergistota;c__Synergistia;o__Synergistales;f__Synergistaceae;g__Caccocola,-0.7479714964539882,1.0668391057746185
87,d__Bacteria;p__Bacillota_A_368345;c__Clostridia_258483;o__Clostridiales;f__Clostridiaceae_222000;g__Clostridium_T,-0.7399317134539879,0.2582929848995524
88,d__Bacteria;p__Bacillota_I;c__Bacilli_A;o__ML615J-28;f__CAG-313;g__CAG-313,-0.6184098964539883,0.9376285854633322
89,d__Bacteria;p__Pseudomonadota;c__Gammaproteobacteria;o__Enterobacterales_737866;__;__,-0.6068539134539881,0.2770260162085939
90,d__Bacteria;p__Bacillota_I;c__Bacilli_A;o__Erysipelotrichales;f__Erysipelotrichaceae;g__Longicatena,-0.5862839334539883,0.3831986369154333
91,d__Bacteria;p__Bacillota_A_368345;c__Clostridia_258483;o__Lachnospirales;f__Lachnospiraceae;g__Eubacterium_G_180878,-0.5326144434539881,0.3710675428084413
92,d__Bacteria;p__Bacillota_A_368345;c__Clostridia_258483;o__Christensenellales;f__CAG-917;g__CAG-475,-0.523166527453988,0.4926869485402347
93,d__Bacteria;p__Bacillota_A_368345;c__Clostridia_258483;o__Christensenellales;f__CAG-917;g__CAG-349,-0.4799325524539881,0.8224089800317563
94,d__Bacteria;p__Bacillota_A_368345;c__Clostridia_258483;o__Christensenellales;__;__,-0.44370971445398816,0.5386550161791199
95,d__Bacteria;p__Pseudomonadota;c__Gammaproteobacteria;o__Enterobacterales_737866;f__Pasteurellaceae;g__Haemophilus_D_735815,-0.44288032145398804,0.36230535509519435
96,d__Bacteria;p__Bacillota_A_368345;c__Clostridia_258483;o__Oscillospirales;f__Oscillospiraceae_88309;g__Dysosmobacter,-0.4140998124539881,0.7094510058397553
97,d__Bacteria;p__Pseudomonadota;c__Gammaproteobacteria;o__Burkholderiales;f__Burkholderiaceae_A_595427;g__Mesosutterella,-0.39660284245398825,0.5728309969006647
98,d__Bacteria;p__Pseudomonadota;c__Gammaproteobacteria;o__Burkholderiales;f__Burkholderiaceae_A_595427;g__Aphodousia,-0.39450670745398836,0.5056909163568302
99,d__Bacteria;p__Bacillota_C;c__Negativicutes;o__Selenomonadales;f__Selenomonadaceae_42771;g__Mitsuokella,-0.3909081434539883,0.25912758317213624
100,d__Bacteria;p__Bacillota_A_368345;c__Clostridia_258483;o__Oscillospirales;f__Acutalibacteraceae;g__Pseudoruminococcus,-0.3061602252539882,1.0778804997986289
101,d__Bacteria;p__Bacillota_A_368345;c__Clostridia_258483;o__Oscillospirales;f__Oscillospiraceae_88309;g__Limivicinus,-0.28097771345398814,0.2655510476880465
102,d__Bacteria;p__Bacteroidota;c__Bacteroidia;o__Bacteroidales;f__Bacteroidaceae;g__Prevotella,-0.25226530345398823,0.1446436298215506
103,d__Bacteria;p__Bacillota_A_368345;c__Clostridia_258483;o__Oscillospirales;f__Acutalibacteraceae;g__Hominenteromicrobium,-0.2137436868539882,0.317350848623633
104,d__Bacteria;p__Pseudomonadota;c__Gammaproteobacteria;o__Enterobacterales_737866;f__Enterobacteriaceae_A_725029;g__Escherichia,-0.20049724345398817,0.24228560351736114
105,d__Bacteria;p__Bacteroidota;c__Bacteroidia;o__Bacteroidales;f__Muribaculaceae;g__Sodaliphilus,-0.1468703534539881,0.3321694542544691
106,d__Bacteria;p__Bacteroidota;c__Bacteroidia;o__Bacteroidales;f__Barnesiellaceae;g__Barnesiella_B,-0.12407981145398816,0.25461815912177604
107,d__Bacteria;p__Bacillota_A_368345;c__Clostridia_258483;o__Oscillospirales;f__Ruminococcaceae;g__Faecalibacterium,-0.09935884345398822,0.10653912811372214
108,d__Bacteria;p__Bacillota_C;c__Negativicutes;o__Veillonellales;f__Dialisteraceae;g__Dialister_37762,-0.08287560345398819,0.1431961945622984
109,d__Bacteria;p__Pseudomonadota;c__Gammaproteobacteria;o__Burkholderiales;f__Burkholderiaceae_A_595427;g__Duodenibacillus,-0.06171399945398818,0.46273149473481284
110,d__Bacteria;p__Fusobacteriota;c__Fusobacteriia;o__Fusobacteriales;f__Fusobacteriaceae;g__Fusobacterium_A,-0.021557493453988174,0.2526309372053417
111,d__Bacteria;p__Bacillota_C;c__Negativicutes;o__Acidaminococcales;f__Acidaminococcaceae;g__Phascolarctobacterium_A_39470,0.0013506405460118275,0.24325310196531186
112,d__Bacteria;p__Bacillota_A_368345;c__Clostridia_258483;o__Christensenellales;f__Aristaeellaceae;g__SFMI01,0.004965928546011822,0.27022532658066806
113,d__Bacteria;p__Pseudomonadota;c__Gammaproteobacteria;o__Enterobacterales_737866;f__Enterobacteriaceae_A_725029;__,0.05769113654601182,0.21958894370302084
114,d__Bacteria;p__Bacillota_A_368345;c__Clostridia_258483;o__Oscillospirales;f__Butyricicoccaceae;g__Agathobaculum,0.06567717754601184,0.2879136654775315
115,d__Bacteria;p__Bacillota_A_368345;c__Clostridia_258483;o__Lachnospirales;f__Lachnospiraceae;g__Blautia_A_141780,0.08347182874601178,0.4152029510531482
116,d__Bacteria;p__Pseudomonadota;c__Gammaproteobacteria;o__Enterobacterales_737866;f__Enterobacteriaceae_A_726016;__,0.13114695224601172,0.2211055256654649
117,d__Bacteria;p__Bacillota_A_368345;c__Clostridia_258483;o__Christensenellales;f__Aristaeellaceae;g__Onthenecus,0.14184457334601183,0.2890159000874686
118,d__Bacteria;p__Bacillota_C;c__Negativicutes;o__Veillonellales;f__Megasphaeraceae;__,0.18072812854601192,0.36472077381351414
119,d__Bacteria;p__Bacteroidota;c__Bacteroidia;o__Bacteroidales;__;__,0.18256490554601182,0.25280240906758583
120,d__Bacteria;p__Bacillota_A_368345;c__Clostridia_258483;o__TANB77;f__CAG-508;g__CAG-273,0.19467682054601176,0.2622720693042131
121,d__Bacteria;p__Bacillota_A_368345;c__Clostridia_258483;o__Christensenellales;f__Aristaeellaceae;g__Limiplasma,0.2076549495460118,0.3993424872344729
122,d__Bacteria;p__Bacillota_A_368345;c__Clostridia_258483;o__Oscillospirales;f__Oscillospiraceae_88309;g__Hominicoprocola,0.23324360354601179,0.17443376745484215
123,d__Bacteria;p__Bacillota_A_368345;c__Clostridia_258483;o__Oscillospirales;f__Ruminococcaceae;g__Negativibacillus,0.23818521554601182,0.828074976065667
124,d__Bacteria;p__Bacillota_A_368345;c__Clostridia_258483;o__Oscillospirales;f__Acutalibacteraceae;g__Fimenecus,0.2412265235460119,0.16509332563924256
125,d__Bacteria;p__Bacillota_A_368345;c__Clostridia_258483;o__Oscillospirales;f__CAG-272;g__QALR01,0.24540141084601177,0.6124313896292616
126,d__Bacteria;p__Bacillota_A_368345;c__Clostridia_258483;o__Lachnospirales;f__Lachnospiraceae;g__Lachnospira,0.25210571554601197,0.12510888170281176
127,d__Bacteria;p__Bacillota_A_368345;c__Clostridia_258483;o__Peptostreptococcales;f__Peptostreptococcaceae_256921;__,0.2610323806460119,0.1498902675309679
128,d__Bacteria;p__Bacillota_A_368345;c__Clostridia_258483;o__Oscillospirales;f__Acutalibacteraceae;__,0.2768508215460118,0.19470870117355618
129,d__Bacteria;p__Bacillota_A_368345;c__Clostridia_258483;o__Lachnospirales;f__Lachnospiraceae;g__Blautia_A_141781,0.29876683954601185,0.1286443429316472
130,d__Bacteria;p__Bacillota_A_368345;c__Clostridia_258483;o__Oscillospirales;f__Oscillospiraceae_88309;g__Faecousia,0.3631506869460119,0.1629877529656897
131,d__Bacteria;p__Bacillota_I;c__Bacilli_A;o__Lactobacillales;f__Enterococcaceae;g__Enterococcus_H_360604,0.4189420110460119,0.30032924284360013
132,d__Bacteria;p__Bacillota_C;c__Negativicutes;o__Selenomonadales;f__Selenomonadaceae_42771;g__Megamonas,0.4500448809460118,0.25762304508211875
133,d__Bacteria;p__Bacteroidota;c__Bacteroidia;o__Bacteroidales;f__Tannerellaceae;g__Parabacteroides_B_862066,0.45624332484601177,0.12467940203373674
134,d__Bacteria;p__Bacillota_A_368345;c__Clostridia_258483;o__Christensenellales;f__CAG-138;g__RUG472,0.45882442064601187,0.4363819673752301
135,d__Bacteria;p__Bacillota_I;c__Bacilli_A;o__Erysipelotrichales;f__Erysipelotrichaceae;g__Bulleidia,0.5163738144160117,0.2274266741720253
136,d__Bacteria;p__Bacteroidota;c__Bacteroidia;o__Bacteroidales;f__Bacteroidaceae;g__Phocaeicola_A,0.533289553856012,0.11013887588142958
137,d__Bacteria;p__Bacteroidota;c__Bacteroidia;o__Bacteroidales;f__Bacteroidaceae;g__Alloprevotella,0.5385869102460119,0.25808890529095513
138,d__Bacteria;p__Bacillota_A_368345;c__Clostridia_258483;o__Oscillospirales;f__Oscillospiraceae_88309;g__Vescimonas,0.5403338535460118,0.1274834033478223
139,d__Bacteria;p__Bacillota_A_368345;c__Clostridia_258483;o__Lachnospirales;f__Lachnospiraceae;__,0.5632567265460116,0.08376282024131315
140,d__Bacteria;p__Bacillota_A_368345;c__Clostridia_258483;o__Oscillospirales;f__Oscillospiraceae_88309;__,0.5660213981760118,0.15671247639942024
141,d__Bacteria;p__Bacillota_A_368345;c__Clostridia_258483;__;__;__,0.573411457846012,0.24813034615603918
142,d__Bacteria;p__Bacillota_A_368345;c__Clostridia_258483;o__Oscillospirales;f__Ruminococcaceae;g__Gemmiger_A_73129,0.5770680025060121,0.10076198291066515
143,d__Bacteria;p__Bacillota_A_368345;c__Clostridia_258483;o__Oscillospirales;f__Butyricicoccaceae;g__Butyricicoccus_A_77419,0.579564234546012,0.34551806383861866
144,d__Bacteria;p__Bacteroidota;c__Bacteroidia;o__Bacteroidales;f__Bacteroidaceae;__,0.6007407793460119,0.4525020924713647
145,d__Bacteria;p__Bacteroidota;c__Bacteroidia;o__Bacteroidales;f__Bacteroidaceae;g__Bacteroides_H_857956,0.6094328805460116,0.11957852671017051
146,d__Bacteria;p__Pseudomonadota;c__Gammaproteobacteria;o__Burkholderiales;f__Burkholderiaceae_A_595427;g__Parasutterella_564865,0.6143966335460117,0.25182745530681033
147,d__Bacteria;p__Bacillota_I;c__Bacilli_A;o__MOL361;f__Turicibacteraceae;g__Turicibacter,0.6228098225460118,0.26768678248603317
148,d__Bacteria;p__Bacteroidota;c__Bacteroidia;o__Bacteroidales;f__UBA11471;g__Caccoplasma,0.6332581095460119,0.37540349406926354
149,d__Bacteria;p__Bacillota_A_368345;c__Clostridia_258483;o__Christensenellales;f__CAG-138;g__,0.6614685175850119,0.3111869924193649
150,d__Bacteria;p__Bacillota_A_368345;c__Clostridia_258483;o__Oscillospirales;f__Ruminococcaceae;g__Hominimerdicola,0.7123066736660121,0.19701426818065676
151,d__Bacteria;p__Pseudomonadota;c__Gammaproteobacteria;o__Burkholderiales;f__Burkholderiaceae_A_595427;g__Sutterella,0.7185417275460118,0.18459481858979554
152,d__Bacteria;p__Bacillota_A_368345;c__Clostridia_258483;o__Oscillospirales;f__Ruminococcaceae;g__Ruminococcus_C_58660,0.7427875168460117,0.17837528707479147
153,d__Bacteria;p__Bacillota_C;c__Negativicutes;__;__;__,0.7561642135460116,0.26506434760147274
154,d__Bacteria;p__Bacteroidota;c__Bacteroidia;o__Bacteroidales;f__Muribaculaceae;g__UBA3263,0.7869089009460116,0.3288949441261453
155,d__Bacteria;p__Actinomycetota;c__Coriobacteriia;o__Coriobacteriales;f__Eggerthellaceae;__,0.7929959035460121,0.5638163348334961
156,d__Bacteria;p__Bacillota_A_368345;c__Clostridia_258483;o__TANB77;f__CAG-508;g__,0.8117206312460117,0.2174520430296285
157,d__Bacteria;p__Bacillota_A_368345;c__Clostridia_258483;o__Lachnospirales;f__Lachnospiraceae;g__CAG-791,0.8235767134460119,0.345381448880409
158,d__Bacteria;p__Bacillota_I;c__Bacilli_A;o__Lactobacillales;f__Lactobacillaceae;g__Lacticaseibacillus,0.8297354410460119,0.3058709607292903
159,d__Bacteria;p__Bacillota_I;c__Bacilli_A;o__Erysipelotrichales;f__Erysipelotrichaceae;g__Faecalicoccus,0.8319000109460116,0.4659659664668423
160,d__Bacteria;p__Actinomycetota;c__Coriobacteriia;o__Coriobacteriales;f__Atopobiaceae;__,0.8430507330460116,0.27646072293549084
161,d__Bacteria;p__Verrucomicrobiota;c__Verrucomicrobiae;o__Verrucomicrobiales;f__Akkermansiaceae;g__Akkermansia,0.8451780164460115,0.20503356313142213
162,d__Bacteria;p__Bacillota_A_368345;c__Clostridia_258483;o__Oscillospirales;f__Ruminococcaceae;g__Ruminiclostridium_E,0.853415257246012,0.2932994784756127
163,d__Bacteria;p__Bacillota_A_368345;c__Clostridia_258483;o__Oscillospirales;f__Acutalibacteraceae;g__Scatavimonas,0.856797650446012,0.39121486944625256
164,d__Bacteria;p__Pseudomonadota;c__Gammaproteobacteria;o__Enterobacterales_737866;f__Enterobacteriaceae_A_725029;g__Enterobacter_B_683926,0.8620868815460117,0.1332892238157207
165,d__Bacteria;p__Bacillota_I;c__Bacilli_A;o__Erysipelotrichales;f__Erysipelotrichaceae;g__Absicoccus,0.8651217155460119,0.38278245907866887
166,d__Bacteria;p__Bacillota_I;c__Bacilli_A;__;__;__,0.874486185546012,0.32676521911311845
167,d__Bacteria;p__Bacillota_I;c__Bacilli_A;o__Lactobacillales;f__Streptococcaceae;g__Streptococcus,0.8778147065460119,0.11940855362324462
168,d__Bacteria;p__Bacillota_C;c__Negativicutes;o__Veillonellales;f__Megasphaeraceae;g__Megasphaera_A_38685,0.893916555146012,0.16836333002441423
169,d__Bacteria;p__Bacillota_A_368345;c__Clostridia_258483;o__Oscillospirales;__;__,0.900719431646012,0.3189341132219428
170,d__Bacteria;p__Bacillota_A_368345;c__Clostridia_258483;o__TANB77;f__CAG-508;__,0.9042560675460122,0.18911259094671787
171,d__Bacteria;p__Bacillota_I;c__Bacilli_A;o__Erysipelotrichales;f__Coprobacillaceae;g__Thomasclavelia,0.9290637369460122,0.26889762134579676
172,d__Bacteria;p__Bacillota_A_368345;c__Clostridia_258483;o__Oscillospirales;f__Acutalibacteraceae;g__Clostridium_A_51961,0.936946680546012,0.26553744026893183
173,d__Bacteria;p__Bacillota_C;c__Negativicutes;o__Acidaminococcales;f__Acidaminococcaceae;g__URXU01,0.943680926546012,0.33474974513203204
174,d__Bacteria;p__Bacillota_A_368345;c__Clostridia_258483;o__Oscillospirales;f__CAG-382;g__SFLA01,0.944739495546012,0.8097950099112737
175,d__Bacteria;p__Bacillota_C;c__Negativicutes;o__Acidaminococcales;f__Acidaminococcaceae;g__Phascolarctobacterium_A_40086,0.9627083885460118,0.1562236907596427
176,d__Bacteria;p__Bacillota_I;c__Bacilli_A;o__Lactobacillales;f__Lactobacillaceae;g__Ligilactobacillus,0.998689192546012,0.22056475367410788
177,d__Bacteria;p__Bacillota_I;c__Bacilli_A;o__Erysipelotrichales;f__Coprobacillaceae;g__,1.0017152826660114,0.4925488734435883
178,d__Bacteria;p__Bacillota_A_368345;c__Clostridia_258483;o__Oscillospirales;f__Ruminococcaceae;g__FB2012,1.0019249841460118,0.31964936024607743
179,d__Bacteria;p__Bacillota_A_368345;c__Clostridia_258483;o__Oscillospirales;f__Acutalibacteraceae;g__RUG592,1.016472802546012,0.2951088975597499
180,d__Bacteria;p__Bacillota_A_368345;c__Clostridia_258483;o__Oscillospirales;f__Acutalibacteraceae;g__Eubacterium_R,1.0204859865460119,0.16791416238501752
181,d__Bacteria;p__Bacillota_A_368345;c__Clostridia_258483;o__Lachnospirales;f__Lachnospiraceae;g__Wujia,1.027820363646012,0.5018200278910219
182,d__Bacteria;p__Bacillota_A_368345;c__Clostridia_258483;o__Clostridiales;f__Clostridiaceae_222000;__,1.0736619645460121,0.22410089628687796
183,d__Bacteria;p__Pseudomonadota;c__Gammaproteobacteria;o__Pseudomonadales_A_650611;f__Pseudomonadaceae;__,1.0770377075460122,0.30625457425699554
184,d__Bacteria;p__Bacillota_A_368345;c__Clostridia_258483;o__Oscillospirales;f__Ruminococcaceae;g__Porcipelethomonas,1.0971634135460113,0.25638950178247066
185,d__Bacteria;p__Bacillota_A_368345;c__Clostridia_258483;o__Oscillospirales;f__Acutalibacteraceae;g__CAG-217,1.098249369546012,0.2025293056403253
186,d__Bacteria;p__Bacillota_A_368345;c__Clostridia_258483;o__Oscillospirales;f__Acutalibacteraceae;g__Ruminococcus_E,1.1185716865460116,0.10811267703489177
187,d__Bacteria;p__Actinomycetota;c__Coriobacteriia;o__Coriobacteriales;f__Coriobacteriaceae;g__Collinsella,1.1435497065460116,0.11766663267282197
188,d__Bacteria;p__Bacillota_A_368345;c__Clostridia_258483;o__Lachnospirales;f__Lachnospiraceae;g__Enterocloster,1.150363353546012,0.3475423607733095
189,d__Bacteria;p__Pseudomonadota;c__Gammaproteobacteria;o__Enterobacterales_737866;f__Enterobacteriaceae_A_726016;g__Pectobacterium_A_725598,1.1552918179460117,0.30558519064613104
190,d__Bacteria;p__Bacillota_C;c__Negativicutes;o__Veillonellales;f__Megasphaeraceae;g__Caecibacter,1.1574846521460116,0.36707867818562756
191,d__Bacteria;p__Actinomycetota;c__Actinomycetes;o__Actinomycetales;f__Bifidobacteriaceae;g__Bifidobacterium_388775,1.1787686665460115,0.10730355411660701
192,d__Bacteria;p__Bacillota_A_368345;c__Clostridia_258483;o__Oscillospirales;f__Oscillospiraceae_88309;g__Lawsonibacter,1.2070248202460119,0.399445957608897
193,d__Bacteria;p__Bacillota_A_368345;c__Clostridia_258483;o__Lachnospirales;f__CAG-274;g__CAG-274,1.2153214653460114,0.30649531006445835
194,d__Bacteria;p__Bacillota_A_368345;c__Clostridia_258483;o__Oscillospirales;f__Acutalibacteraceae;g__CAG-177,1.2183034035460114,0.222169214401894
195,d__Bacteria;p__Bacillota_A_368345;c__Clostridia_258483;o__Christensenellales;f__CAG-138;g__PeH17,1.2204909965460116,0.22201586801753556
196,d__Bacteria;p__Bacillota_I;c__Bacilli_A;o__Erysipelotrichales;f__Coprobacillaceae;g__Faecalibacillus,1.2312147565460123,0.19032294123908447
197,d__Bacteria;p__Pseudomonadota;c__Gammaproteobacteria;o__Burkholderiales;__;__,1.2346862865460124,0.545011823853752
198,d__Bacteria;p__Bacillota_I;c__Bacilli_A;o__Erysipelotrichales;f__Coprobacillaceae;g__Catenibacterium,1.2362583665460116,0.16078474234704912
199,d__Bacteria;p__Bacillota_I;c__Bacilli_A;o__Erysipelotrichales;f__Erysipelotrichaceae;g__Faecalitalea,1.2488843910460121,0.3342164095521823
200,d__Bacteria;p__Bacillota_A_368345;c__Clostridia_258483;o__Lachnospirales;f__Lachnospiraceae;g__Sellimonas,1.2784963925460118,0.38903660354793806
201,d__Bacteria;p__Bacillota_A_368345;c__Clostridia_258483;o__Lachnospirales;f__Lachnospiraceae;g__Anaerobutyricum,1.2872567065460114,0.1509584289720722
202,d__Bacteria;p__Bacillota_A_368345;c__Clostridia_258483;o__Oscillospirales;f__Ruminococcaceae;g__Ruthenibacterium,1.335027364546012,0.24865578036351915
203,d__Bacteria;p__Actinomycetota;c__Actinomycetes;o__Actinomycetales;f__Micrococcaceae;g__Rothia,1.3390719085460117,1.1579803749264577
204,d__Bacteria;p__Bacillota_I;c__Bacilli_A;o__RF39;f__UBA660;g__CAG-302,1.4469354844460123,0.6457440819319494
205,d__Bacteria;p__Bacillota_I;c__Bacilli_A;o__Erysipelotrichales;f__Coprobacillaceae;g__Coprobacillus,1.4479361125460124,0.9254845422927184
206,d__Bacteria;p__Bacillota_A_368345;c__Clostridia_258483;o__Peptostreptococcales;f__Anaerovoracaceae;g__Lentihominibacter,1.4634913738460111,1.111644344901503
207,d__Bacteria;p__Bacillota_C;c__Negativicutes;o__Veillonellales;f__Megasphaeraceae;g__Megasphaera_A_38565,1.4991999988460125,0.327334453467099
208,d__Bacteria;p__Actinomycetota;c__Coriobacteriia;o__Coriobacteriales;f__Eggerthellaceae;g__Eggerthella,1.5065865315460119,0.35249759769490396
209,d__Bacteria;p__Bacillota_I;c__Bacilli_A;o__Erysipelotrichales;f__Erysipelotrichaceae;g__Holdemanella,1.5390619065460112,0.15422520936802558
210,d__Bacteria;p__Bacillota_I;c__Bacilli_A;o__Lactobacillales;f__Streptococcaceae;g__Lactococcus_A_346120,1.584362476546012,0.37464023876765057
211,d__Bacteria;p__Actinomycetota;c__Coriobacteriia;o__Coriobacteriales;f__Atopobiaceae;g__Paratractidigestivibacter,1.5950402765460114,0.23818893562671042
212,d__Bacteria;p__Bacillota_I;c__Bacilli_A;o__Lactobacillales;f__Lactobacillaceae;g__Weissella,1.6209081065460114,0.2911245479145963
213,d__Bacteria;p__Bacteroidota;c__Bacteroidia;o__Bacteroidales;f__Marinifilaceae;g__Butyricimonas,1.6386080445460116,0.9541057212678913
214,d__Bacteria;p__Bacillota_C;c__Negativicutes;o__Acidaminococcales;f__Acidaminococcaceae;g__Acidaminococcus,1.6424689165460122,0.1957607030567842
215,d__Bacteria;p__Bacillota_I;c__Bacilli_A;o__RF39;f__UBA660;g__CAG-1000,1.680976491546011,0.987566667599128
216,d__Bacteria;p__Bacillota_A_368345;c__Clostridia_258483;o__Oscillospirales;f__Acutalibacteraceae;g__Anaeromassilibacillus,1.7116670372460114,1.0886953257310172
217,d__Archaea;p__Methanobacteriota_A_1229;c__Methanobacteria;o__Methanobacteriales;f__Methanobacteriaceae;g__Methanobrevibacter_A,1.720752946546012,0.3384301077510171
218,d__Bacteria;p__Actinomycetota;c__Coriobacteriia;o__Coriobacteriales;f__Eggerthellaceae;g__Ellagibacter,1.7246593765460125,0.28072889398348355
219,d__Bacteria;p__Actinomycetota;c__Coriobacteriia;o__Coriobacteriales;f__Eggerthellaceae;g__Senegalimassilia,1.7303604065460123,0.23838362455983944
220,d__Bacteria;p__Actinomycetota;c__Coriobacteriia;o__Coriobacteriales;f__Coriobacteriaceae;__,1.7382699865460114,0.398120236234171
221,d__Bacteria;p__Bacillota_I;c__Bacilli_A;o__Lactobacillales;f__Lactobacillaceae;g__Limosilactobacillus,1.7586842765460107,0.23724302476997713
222,d__Bacteria;p__Pseudomonadota;c__Alphaproteobacteria;o__RF32;f__CAG-239;g__CAJLXD01,1.7598225765460123,0.32690725645813395
223,d__Bacteria;p__Bacillota_A_368345;c__Clostridia_258483;o__Eubacteriales;f__Eubacteriaceae;g__Eubacterium_O_258270,1.7975027235460113,1.2063452871475369
224,d__Bacteria;p__Actinomycetota;c__Coriobacteriia;o__Coriobacteriales;f__Eggerthellaceae;g__Slackia,1.846455646546011,0.2655664389386991
225,d__Bacteria;p__Actinomycetota;c__Coriobacteriia;o__Coriobacteriales;f__Eggerthellaceae;g__Adlercreutzia_A_404257,1.8940997149460117,1.2329278652699687
226,d__Bacteria;p__Actinomycetota;c__Coriobacteriia;o__Coriobacteriales;f__Atopobiaceae;g__Parolsenella,1.9874393765460112,0.19124507912498448
227,d__Bacteria;p__Fusobacteriota;c__Fusobacteriia;o__Fusobacteriales;f__Fusobacteriaceae;g__Cetobacterium_A,2.002981182546012,0.5208643611300526
228,d__Bacteria;p__Cyanobacteriota;c__Vampirovibrionia;o__Gastranaerophilales;f__Gastranaerophilaceae;__,2.0429233765460104,0.3525406671404393
229,d__Bacteria;p__Bacillota_C;c__Negativicutes;o__Veillonellales;__;__,2.139328038546011,0.7620526349913826
230,d__Bacteria;p__Verrucomicrobiota;c__Kiritimatiellia;o__RFP12;f__UBA1067;g__Spyradenecus,2.1601964835460112,1.2047130860404052
231,d__Bacteria;p__Bacillota_I;c__Bacilli_A;o__Lactobacillales;f__Enterococcaceae;__,2.1747765565460115,0.3058575096814059
232,d__Bacteria;p__Bacillota_I;c__Bacilli_A;o__Erysipelotrichales;f__Erysipelotrichaceae;g__Clostridium_AQ,2.226351726546012,0.25808138766786826
233,d__Bacteria;p__Bacillota_C;c__Negativicutes;o__Veillonellales;f__Veillonellaceae;g__Veillonella_A,2.3212516265460117,0.22678857225385748
234,d__Bacteria;p__Bacillota_A_368345;c__Clostridia_258483;o__Oscillospirales;f__Butyricicoccaceae;__,2.348526417546012,0.7486813173899116
235,d__Bacteria;p__Bacillota_A_368345;c__Clostridia_258483;o__Oscillospirales;f__CAG-272;g__RUG13077,2.6130770965460117,0.7327868646129474
236,d__Bacteria;p__Bacillota_C;c__Negativicutes;o__Veillonellales;f__Megasphaeraceae;g__Anaeroglobus_38550,2.6759299365460127,0.6308811853900065
237,d__Bacteria;p__Bacillota_A_368345;c__Clostridia_258483;o__Lachnospirales;f__Lachnospiraceae;g__Pseudobutyrivibrio,2.8097132265460107,0.17303159816528654
238,d__Bacteria;p__Bacillota_I;c__Bacilli_A;o__Erysipelotrichales;f__Erysipelotrichaceae;g__Merdibacter,2.843131886546012,0.47828399310674563
239,d__Bacteria;p__Actinomycetota;c__Coriobacteriia;o__Coriobacteriales;f__Eggerthellaceae;g__UBA9715,2.961795626546012,0.6781815912930892
240,d__Bacteria;p__Bacillota_A_368345;c__Clostridia_258483;o__Oscillospirales;f__Acutalibacteraceae;g__UBA5905,3.217542226546012,0.46801827332893453
241,d__Bacteria;p__Bacteroidota;c__Bacteroidia;o__Bacteroidales;f__Muribaculaceae;g__Paramuribaculum,3.2210308265460115,0.47448847332926913
242,d__Bacteria;p__Bacillota_I;c__Bacilli_A;o__Lactobacillales;f__Lactobacillaceae;g__Leuconostoc_B,3.241901026546012,0.47667363293286585
243,d__Bacteria;p__Bacillota_I;c__Bacilli_A;o__Lactobacillales;f__Lactobacillaceae;g__Latilactobacillus,3.2698803265460112,0.41521844967163296
244,d__Bacteria;p__Bacillota_I;c__Bacilli_A;o__Erysipelotrichales;f__Erysipelotrichaceae;g__Amedibacterium,3.325128626546012,0.44897586662313504
245,d__Bacteria;p__Bacillota_A_368345;c__Clostridia_258483;o__Oscillospirales;f__Ruminococcaceae;g__Ruminococcus_C_59129,3.4201235265460115,0.5084296179677131
246,d__Bacteria;p__Synergistota;c__Synergistia;o__Synergistales;f__Dethiosulfovibrionaceae;g__Pyramidobacter,3.5355895265460116,0.47911954861689016
247,d__Bacteria;p__Pseudomonadota;c__Gammaproteobacteria;o__Pseudomonadales_A_650611;f__Pseudomonadaceae;g__Pseudomonas_E_647464,4.0466495265460125,0.3608344775279609
248,d__Bacteria;p__Actinomycetota;c__Coriobacteriia;o__Coriobacteriales;f__Atopobiaceae;g__Tractidigestivibacter,4.1125773265460115,0.4817660129023933
249,d__Bacteria;p__Bacillota_I;c__Bacilli_A;o__Lactobacillales;f__Lactobacillaceae;g__Lactobacillus,4.2703780265460125,0.28690471498923587
250,d__Bacteria;p__Fusobacteriota;c__Fusobacteriia;o__Fusobacteriales;f__Fusobacteriaceae;g__Fusobacterium_B,5.4966873265460094,0.33553577698771525
251,d__Bacteria;p__Bacillota_I;c__Bacilli_A;o__Lactobacillales;__;__,6.0032275265460155,0.2927766443994884
252,d__Bacteria;p__Bacillota_I;c__Bacilli_A;o__Lactobacillales;f__Lactobacillaceae;g__Lactiplantibacillus,6.1780688265460135,0.33074048142560836
