,feature,mean clr
0,d__Bacteria;p__Spirochaetota;c__Spirochaetia;o__Treponematales;f__Treponemataceae;g__Teretinema,-10.205302375150303
1,d__Bacteria;p__Bacteroidota;c__Bacteroidia;o__Bacteroidales;f__Muribaculaceae;g__JAGBWK01,-9.943506275150297
2,d__Bacteria;p__Bacillota_C;c__Negativicutes;o__Veillonellales;f__Negativicoccaceae;g__Negativicoccus,-9.170765775150294
3,d__Bacteria;p__Deinococcota;c__Deinococci;o__Deinococcales;f__Thermaceae_405955;g__Allomeiothermus,-8.812233075150296
4,d__Bacteria;p__Bacillota_I;c__Bacilli_A;o__Lactobacillales;f__Enterococcaceae;g__Enterococcus_A,-8.80168257515029
5,d__Bacteria;p__Actinomycetota;c__Coriobacteriia;o__Coriobacteriales;f__Coriobacteriaceae;__,-8.7265281751503
6,d__Bacteria;p__Bacillota_C;c__Negativicutes;o__Veillonellales;f__Dialisteraceae;g__Dialister_36337,-8.712112675150301
7,d__Bacteria;p__Bacillota_A_368345;c__Clostridia_258483;o__Peptostreptococcales;f__Peptostreptococcaceae_256921;g__Clostridioides_A,-8.684538675150304
8,d__Bacteria;p__Bacillota_A_368345;c__Clostridia_258483;o__Tissierellales;f__Peptoniphilaceae;g__Urinicoccus,-7.912220575150303
9,d__Bacteria;p__Bacillota_I;c__Bacilli_A;o__Mycoplasmatales;f__Metamycoplasmataceae;g__Metamycoplasma,-7.686956075150298
10,d__Bacteria;p__Bacillota_A_368345;c__Clostridia_258483;o__Lachnospirales;f__Lachnospiraceae;g__Merdimonas,-7.106741575150296
11,d__Bacteria;p__Bacillota_A_368345;c__Clostridia_258483;o__Tissierellales;f__Peptoniphilaceae;g__Peptoniphilus_B_226159,-6.956698375150297
12,d__Bacteria;p__Bacillota_A_368345;c__Clostridia_258483;o__Tissierellales;f__Peptoniphilaceae;g__Finegoldia,-5.4939750751503
13,d__Bacteria;p__Actinomycetota;c__Actinomycetes;o__Streptomycetales_400645;f__Streptomycetaceae_400641;g__Streptomyces_400150,-5.0720989751503
14,d__Bacteria;p__Bacillota_C;c__Negativicutes;o__Veillonellales;f__Megasphaeraceae;g__Anaeroglobus_38550,-4.534280075150298
15,d__Bacteria;p__Pseudomonadota;c__Alphaproteobacteria;o__RF32;f__CAG-239;g__51-20,-4.454123375150298
16,d__Bacteria;p__Bacillota_A_368345;c__Clostridia_258483;o__Tissierellales;f__Peptoniphilaceae;g__Peptoniphilus_A,-4.287257775150299
17,d__Bacteria;p__Bacillota_A_368345;c__Clostridia_258483;o__Tissierellales;f__Peptoniphilaceae;__,-4.065230375150297
18,d__Bacteria;p__Bacillota_A_368345;c__Clostridia_258483;o__Tissierellales;f__Peptoniphilaceae;g__Anaerococcus,-3.6766426751502994
19,d__Bacteria;p__Pseudomonadota;c__Gammaproteobacteria;o__Pseudomonadales_A_650611;f__Pseudomonadaceae;g__Pseudomonas_E_647464,-3.5495058751502997
20,d__Bacteria;p__Fusobacteriota;c__Fusobacteriia;o__Fusobacteriales;f__Leptotrichiaceae;g__Sneathia,-3.298493475150299
21,d__Bacteria;p__Bacillota_A_368345;c__Clostridia_258483;o__Lachnospirales;f__Lachnospiraceae;g__Ruminococcus_B,-3.214736675150298
22,d__Bacteria;p__Actinomycetota;c__Actinomycetes;o__Mycobacteriales;f__Mycobacteriaceae;g__Lawsonella,-3.1068179751502982
23,d__Bacteria;p__Bacillota_A_368345;c__Clostridia_258483;o__Tissierellales;f__Peptoniphilaceae;g__Peptoniphilus_B_226777,-3.0000970751502987
24,d__Bacteria;p__Pseudomonadota;c__Gammaproteobacteria;o__Enterobacterales_737866;f__Enterobacteriaceae_A_680892;g__Pantoea_680069,-2.9871996651502974
25,d__Bacteria;p__Bacillota_C;c__Negativicutes;o__Veillonellales;f__Megasphaeraceae;__,-2.918765375150298
26,d__Bacteria;p__Fusobacteriota;c__Fusobacteriia;o__Fusobacteriales;f__Fusobacteriaceae;g__Fusobacterium_A,-2.8984902751502983
27,d__Bacteria;p__Bacillota_A_368345;c__Clostridia_258483;o__Oscillospirales;f__Oscillospiraceae_88309;g__Flavonifractor,-2.853048315850298
28,d__Bacteria;p__Pseudomonadota;c__Gammaproteobacteria;o__Burkholderiales;f__Burkholderiaceae_A_595427;g__Mesosutterella,-2.852525275150299
29,d__Bacteria;p__Pseudomonadota;c__Alphaproteobacteria;o__RF32;f__CAG-239;g__CAJLXD01,-2.8456509751502996
30,d__Bacteria;p__Verrucomicrobiota;c__Lentisphaeria;o__Oligosphaerales;f__Oligosphaeraceae;g__UBA1407,-2.818473175150298
31,d__Bacteria;p__Bacillota_I;c__Bacilli_A;o__Staphylococcales;f__Staphylococcaceae;g__Staphylococcus,-2.7101014751502985
32,d__Bacteria;p__Campylobacterota_A;c__Campylobacteria;o__Campylobacterales;f__Campylobacteraceae;g__Campylobacter_B,-2.574047675150298
33,d__Bacteria;p__Bacillota_A_368345;c__Clostridia_258483;o__Lachnospirales;f__Lachnospiraceae;g__Moryella,-2.499262075150299
34,d__Bacteria;p__Bacillota_I;c__Bacilli_A;o__;f__;g__,-2.4694035451502976
35,d__Bacteria;p__Cyanobacteriota;c__Vampirovibrionia;o__Gastranaerophilales;f__Gastranaerophilaceae;g__QHMH01,-2.176851355150298
36,d__Bacteria;p__Bacillota_C;c__Negativicutes;o__Veillonellales;f__Veillonellaceae;g__Veillonella_A,-2.1279610751502984
37,d__Bacteria;p__Bacillota_C;c__Negativicutes;o__Selenomonadales;f__Selenomonadaceae_42771;g__Megamonas,-2.112306975150298
38,d__Bacteria;p__Bacillota_A_368345;c__Clostridia_258483;o__Tissierellales;f__Peptoniphilaceae;g__Fenollaria,-2.1120347751502977
39,d__Bacteria;p__Fusobacteriota;c__Fusobacteriia;o__Fusobacteriales;f__Fusobacteriaceae;g__Fusobacterium_C,-2.1094531751502985
40,d__Bacteria;p__Actinomycetota;c__Actinomycetes;o__Actinomycetales;f__Actinomycetaceae;g__Varibaculum,-2.027412275150298
41,d__Bacteria;p__Bacteroidota;c__Bacteroidia;o__Bacteroidales;f__UBA11471;g__Caccoplasma,-1.881398925150298
42,d__Bacteria;p__Bacillota_A_368345;c__Clostridia_258483;o__Lachnospirales;f__Lachnospiraceae;g__Otoolea_134252,-1.8802373751502983
43,d__Bacteria;p__Actinomycetota;c__Actinomycetes;o__Mycobacteriales;f__Mycobacteriaceae;g__Corynebacterium,-1.8389522751502982
44,d__Bacteria;p__Bacillota_A_368345;c__Clostridia_258483;o__Lachnospirales;f__Lachnospiraceae;g__Hungatella_A_128155,-1.8272394751502987
45,d__Bacteria;p__Bacteroidota;c__Bacteroidia;o__Bacteroidales;f__Porphyromonadaceae;g__Porphyromonas_A,-1.7910120751502976
46,d__Bacteria;p__Bacillota_A_368345;c__Clostridia_258483;o__Lachnospirales;f__Lachnospiraceae;g__Faecalimonas,-1.7256233751502992
47,d__Bacteria;p__Bacillota_A_368345;c__Clostridia_258483;o__Peptostreptococcales;f__Peptostreptococcaceae_256921;__,-1.7246938751502978
48,d__Bacteria;p__Pseudomonadota;c__Gammaproteobacteria;o__Burkholderiales;f__Burkholderiaceae_A_595427;g__Sutterella,-1.7052750751502979
49,d__Bacteria;p__Pseudomonadota;c__Gammaproteobacteria;o__Burkholderiales;f__Burkholderiaceae_A_595427;g__Parasutterella_564865,-1.5864927751502986
50,d__Bacteria;p__Campylobacterota_A;c__Campylobacteria;o__Campylobacterales;f__Campylobacteraceae;g__Campylobacter_D,-1.563510375150299
51,d__Bacteria;p__Bacillota_A_368345;c__Clostridia_258483;o__Tissierellales;f__Peptoniphilaceae;g__Ezakiella,-1.5628960851502984
52,d__Bacteria;p__Bacillota_A_368345;c__Clostridia_258483;o__Peptostreptococcales;f__Peptostreptococcaceae_256921;g__Peptostreptococcus,-1.5505696751502982
53,d__Bacteria;p__Bacillota_A_368345;c__Clostridia_258483;o__Clostridiales;f__Clostridiaceae_222000;g__Sarcina_201128,-1.537303675150298
54,d__Bacteria;p__Bacillota_A_368345;c__Clostridia_258483;o__Oscillospirales;f__Acutalibacteraceae;g__Hydrogeniiclostridium,-1.5343259751502982
55,d__Bacteria;p__Bacillota_I;c__Bacilli_A;o__Lactobacillales;f__Lactobacillaceae;g__Leuconostoc_B,-1.5257864451502985
56,d__Bacteria;p__Campylobacterota_A;c__Campylobacteria;o__Campylobacterales;f__Campylobacteraceae;g__Campylobacter_A_477346,-1.3733898751502975
57,d__Bacteria;p__Bacillota_A_368345;c__Clostridia_258483;o__Oscillospirales;f__Ruminococcaceae;g__YE71,-1.3515301951502992
58,d__Bacteria;p__Bacillota_A_368345;c__Clostridia_258483;o__Oscillospirales;f__Ruminococcaceae;g__HUN007,-1.3353966351502988
59,d__Bacteria;p__Pseudomonadota;c__Alphaproteobacteria;o__RF32;f__CAG-239;g__Scatocola,-1.333670225150299
60,d__Bacteria;p__Bacillota_A_368345;c__Clostridia_258483;o__Oscillospirales;f__Butyricicoccaceae;g__Pseudobutyricicoccus,-1.326198975150298
61,d__Bacteria;p__Bacillota_A_368345;c__Clostridia_258483;o__Lachnospirales;f__Lachnospiraceae;g__Blautia_A_141780,-1.2946107751502978
62,d__Bacteria;p__Verrucomicrobiota;c__Lentisphaeria;o__Victivallales;f__Victivallaceae;g__Victivallis,-1.2735796751502988
63,d__Bacteria;p__Bacillota_A_368345;c__Clostridia_258483;o__Lachnospirales;f__Anaerotignaceae;__,-1.2509521751502986
64,d__Bacteria;p__Bacillota_I;c__Bacilli_A;o__RF39;f__UBA660;g__CAG-417,-1.228780615150299
65,d__Bacteria;p__Bacillota_A_368345;c__Clostridia_258483;o__Tissierellales;f__Peptoniphilaceae;g__Murdochiella,-1.2252694851502983
66,d__Bacteria;p__Bacillota_A_368345;c__Clostridia_258483;o__Oscillospirales;f__Butyricicoccaceae;g__,-1.2041496451502982
67,d__Bacteria;p__Actinomycetota;c__Actinomycetes;o__Actinomycetales;f__Bifidobacteriaceae;g__Bifidobacterium_388775,-1.1980932751502977
68,d__Bacteria;p__Deinococcota;c__Deinococci;o__Deinococcales;f__Thermaceae_405955;g__Thermus_A,-1.1788821751502987
69,d__Bacteria;p__Bacillota_I;c__Bacilli_A;o__RFN20;f__;g__,-1.1495202151502981
70,d__Bacteria;p__Bacillota_A_368345;c__Clostridia_258483;o__Clostridiales;f__Clostridiaceae_222000;__,-1.091106745150298
71,d__Bacteria;p__Bacillota_A_368345;c__Clostridia_258483;o__TANB77;f__CAG-508;g__UMGS1994,-1.0832153451502984
72,d__Bacteria;p__Bacillota_I;c__Bacilli_A;o__Lactobacillales;f__Enterococcaceae;__,-1.0764295151502983
73,d__Bacteria;p__Bacillota_A_368345;c__Clostridia_258483;o__Lachnospirales;f__Lachnospiraceae;g__Clostridium_R_135822,-1.0392226051502982
74,d__Bacteria;p__Bacillota_C;c__Negativicutes;o__Acidaminococcales;f__Acidaminococcaceae;g__Acidaminococcus,-1.020997795150298
75,d__Bacteria;p__Bacillota_A_368345;c__Clostridia_258483;o__Lachnospirales;f__Lachnospiraceae;g__Enterocloster,-0.9890264751502985
76,d__Bacteria;p__Bacillota_A_368345;c__Clostridia_258483;o__Peptostreptococcales;f__Anaerovoracaceae;g__Eubacterium_B,-0.9730148051502971
77,d__Bacteria;p__Bacillota_A_368345;c__Clostridia_258483;o__Lachnospirales;f__Lachnospiraceae;g__Alitiscatomonas,-0.966869475150298
78,d__Bacteria;p__Bacillota_A_368345;c__Clostridia_258483;o__Lachnospirales;f__Lachnospiraceae;g__Acetitomaculum,-0.9303170251502983
79,d__Bacteria;p__Bacillota_I;c__Bacilli_A;o__Erysipelotrichales;f__Erysipelotrichaceae;g__Longicatena,-0.9156477251502984
80,d__Bacteria;p__Bacillota_A_368345;c__Clostridia_258483;o__Lachnospirales;f__Lachnospiraceae;g__Eubacterium_I,-0.8816592251502978
81,d__Bacteria;p__Bacillota_A_368345;c__Clostridia_258483;o__Oscillospirales;f__Acutalibacteraceae;g__,-0.8806784151502982
82,d__Bacteria;p__Bacillota_A_368345;c__Clostridia_258483;o__Peptostreptococcales;f__Anaerovoracaceae;g__Alterileibacterium,-0.8401908951502983
83,d__Bacteria;p__Bacillota_I;c__Bacilli_A;o__Lactobacillales;f__Streptococcaceae;g__Streptococcus,-0.8273725551502983
84,d__Bacteria;p__Bacillota_A_368345;c__Clostridia_258483;o__Lachnospirales;f__Lachnospiraceae;g__Bovifimicola,-0.7835535251502985
85,d__Bacteria;p__Bacillota_A_368345;c__Clostridia_258483;o__Eubacteriales;f__Eubacteriaceae;g__Eubacterium_O_258270,-0.7828796751502983
86,d__Bacteria;p__Pseudomonadota;c__Alphaproteobacteria;o__Rs-D84_512864;f__Rs-D84;g__Enterousia,-0.7811701651502985
87,d__Bacteria;p__Actinomycetota;c__Actinomycetes;o__Actinomycetales;f__Micrococcaceae;g__Micrococcus,-0.7793004951502985
88,d__Bacteria;p__Bacillota_I;c__Bacilli_A;o__Erysipelotrichales;f__Erysipelotrichaceae;g__Clostridium_AQ,-0.7750176251502982
89,d__Bacteria;p__Pseudomonadota;c__Gammaproteobacteria;o__Enterobacterales_737866;f__Pasteurellaceae;g__Haemophilus_D_735815,-0.7477625251502981
90,d__Bacteria;p__Bacillota_A_368345;c__Clostridia_258483;o__Oscillospirales;f__Ruminococcaceae;g__Soleaferrea,-0.7222284351502983
91,d__Bacteria;p__Desulfobacterota_G_459543;c__Desulfovibrionia;o__Desulfovibrionales;f__Desulfovibrionaceae;g__Bilophila,-0.7222159751502981
92,d__Bacteria;p__Bacillota_I;c__Bacilli_A;o__RF39;f__UBA660;g__CAG-914,-0.7118629151502983
93,d__Bacteria;p__Bacillota_A_368345;c__Clostridia_258483;o__Lachnospirales;f__Lachnospiraceae;g__G11,-0.6885650751502983
94,d__Bacteria;p__Actinomycetota;c__Coriobacteriia;o__Coriobacteriales;f__Eggerthellaceae;g__Eggerthella,-0.6855463051502981
95,d__Bacteria;p__Bacillota_I;c__Bacilli_A;o__Lactobacillales;f__Streptococcaceae;g__Lactococcus_A_346120,-0.6771230651502986
96,d__Bacteria;p__Bacillota_A_368345;c__Clostridia_258483;o__Oscillospirales;f__Ruminococcaceae;g__Bittarella,-0.6700625251502985
97,d__Bacteria;p__Bacillota_A_368345;c__Clostridia_258483;o__Lachnospirales;f__Lachnospiraceae;g__1XD8-76,-0.6449368351502985
98,d__Bacteria;p__Actinomycetota;c__Actinomycetes;o__Actinomycetales;f__Actinomycetaceae;g__Mobiluncus,-0.6367043151502982
99,d__Bacteria;p__Actinomycetota;c__Coriobacteriia;o__Coriobacteriales;f__Eggerthellaceae;g__CAAEEV01,-0.6333217351502985
100,d__Bacteria;p__Bacillota_C;c__Negativicutes;o__Selenomonadales;f__Selenomonadaceae_42771;g__Anaerovibrio,-0.6157794351502984
101,d__Bacteria;p__Bacillota_I;c__Bacilli_A;o__Lactobacillales;f__Streptococcaceae;g__Lactococcus_A_343473,-0.6015357821502983
102,d__Bacteria;p__Pseudomonadota;c__Gammaproteobacteria;o__Enterobacterales_737866;f__Pasteurellaceae;g__Haemophilus_A,-0.5969569071502984
103,d__Bacteria;p__Bacillota_A_368345;c__Clostridia_258483;o__Oscillospirales;f__Ruminococcaceae;g__Huintestinicola,-0.5666677451502984
104,d__Bacteria;p__Bacillota_A_368345;c__Clostridia_258483;o__Lachnospirales;f__Lachnospiraceae;g__Butyrivibrio_A_180067,-0.5627260851502983
105,d__Bacteria;p__Bacillota_A_368345;c__Clostridia_258483;o__Christensenellales;f__CAG-314;g__CAG-314,-0.5262968951502982
106,d__Bacteria;p__Bacillota_A_368345;c__Clostridia_258483;o__Lachnospirales;f__Lachnospiraceae;g__Lachnospira,-0.5256539851502983
107,d__Bacteria;p__Bacillota_A_368345;c__Clostridia_258483;o__Oscillospirales;f__Ruminococcaceae;g__Hominimerdicola,-0.5057850451502984
108,d__Bacteria;p__Bacteroidota;c__Bacteroidia;o__Bacteroidales;f__Bacteroidaceae;g__Alloprevotella,-0.5031725951502984
109,d__Bacteria;p__Bacillota_A_368345;c__Clostridia_258483;o__Oscillospirales;f__Oscillospiraceae_88309;g__Lawsonibacter,-0.5003750951502984
110,d__Bacteria;p__Bacillota_A_368345;c__Clostridia_258483;o__Lachnospirales;f__Lachnospiraceae;g__Brotaphodocola,-0.4987044651502982
111,d__Bacteria;p__Bacillota_A_368345;c__Clostridia_258483;o__Lachnospirales;f__Lachnospiraceae;g__Muricoprocola,-0.48409498515029836
112,d__Bacteria;p__Bacillota_A_368345;c__Clostridia_258483;o__Lachnospirales;f__Lachnospiraceae;g__Bacteroides_F,-0.4819277264502986
113,d__Bacteria;p__Bacillota_A_368345;c__Clostridia_258483;o__Lachnospirales;f__Lachnospiraceae;g__Agathobacter_164119,-0.4806750771502984
114,d__Bacteria;p__Bacillota_A_368345;c__Clostridia_258483;o__Oscillospirales;f__Ruminococcaceae;g__Ruminococcus_C_59129,-0.46139702515029835
115,d__Bacteria;p__Bacteroidota;c__Bacteroidia;o__Bacteroidales;f__Muribaculaceae;g__Limisoma,-0.45510933515029817
116,d__Bacteria;p__Campylobacterota_A;c__Campylobacteria;o__Campylobacterales;f__Helicobacteraceae;g__Helicobacter_B,-0.44778674315029837
117,d__Bacteria;p__Bacillota_A_368345;c__Clostridia_258483;o__Oscillospirales;f__Ruminococcaceae;g__Negativibacillus,-0.4439138851502982
118,d__Bacteria;p__Bacillota_I;c__Bacilli_A;o__Acholeplasmatales;f__Anaeroplasmataceae;g__CAG-307,-0.4391825251502983
119,d__Bacteria;p__Bacillota_A_368345;c__Clostridia_258483;o__Lachnospirales;f__Lachnospiraceae;g__Clostridium_AI_183214,-0.4364430051502983
120,d__Bacteria;p__Bacillota_A_368345;c__Clostridia_258483;o__Lachnospirales;f__Lachnospiraceae;g__Blautia_A_141893,-0.4340760351502982
121,d__Bacteria;p__Bacillota_A_368345;c__Clostridia_258483;o__Lachnospirales;f__Lachnospiraceae;g__Lachnoanaerobaculum,-0.43321662925029847
122,d__Bacteria;p__Elusimicrobiota;c__Elusimicrobia_984208;o__Elusimicrobiales;f__Elusimicrobiaceae;g__Avelusimicrobium,-0.4145455561502984
123,d__Bacteria;p__Pseudomonadota;c__Gammaproteobacteria;o__Burkholderiales;f__Burkholderiaceae_A_595427;g__Duodenibacillus,-0.40278785515029825
124,d__Bacteria;p__Bacillota_A_368345;c__Clostridia_258483;o__Peptostreptococcales;f__Anaerovoracaceae;g__S5-A14a,-0.3908042941502984
125,d__Bacteria;p__Bacillota_A_368345;c__Clostridia_258483;o__Oscillospirales;f__Ruminococcaceae;g__,-0.3762082951502982
126,d__Bacteria;p__Bacillota_A_368345;c__Clostridia_258483;o__Lachnospirales;f__Lachnospiraceae;g__Catenibacillus,-0.37581739415029825
127,d__Bacteria;p__Bacillota_A_368345;c__Clostridia_258483;o__Lachnospirales;f__Lachnospiraceae;g__Agathobacter_164117,-0.36660942515029826
128,d__Bacteria;p__Bacillota_I;c__Bacilli_A;o__Erysipelotrichales;f__Coprobacillaceae;g__Catenibacterium,-0.34187858515029823
129,d__Bacteria;p__Desulfobacterota_G_459543;c__Desulfovibrionia;o__Desulfovibrionales;f__Desulfovibrionaceae;g__Mailhella,-0.33452322615029845
130,d__Bacteria;p__Bacillota_A_368345;c__Clostridia_258483;o__Oscillospirales;f__Oscillospiraceae_88309;g__,-0.3247032731502982
131,d__Bacteria;p__Bacillota_A_368345;c__Clostridia_258483;o__Oscillospirales;f__Oscillospiraceae_88309;g__Evtepia,-0.3189391751502982
132,d__Bacteria;p__Bacillota_I;c__Bacilli_A;o__Erysipelotrichales;f__Coprobacillaceae;g__Thomasclavelia,-0.3165260951502983
133,d__Bacteria;p__Bacillota_A_368345;c__Clostridia_258483;o__Lachnospirales;f__CAG-274;g__CAG-274,-0.3120146861502982
134,d__Bacteria;p__Pseudomonadota;c__Gammaproteobacteria;o__Enterobacterales_737866;f__Enterobacteriaceae_A_732334;g__Proteus,-0.2742892051502983
135,d__Bacteria;p__Bacteroidota;c__Bacteroidia;o__Bacteroidales;f__Marinifilaceae;g__Odoribacter_865974,-0.27140095515029816
136,d__Bacteria;p__Bacteroidota;c__Bacteroidia;o__Bacteroidales;f__Marinifilaceae;g__Gabonibacter,-0.26816591215029834
137,d__Bacteria;p__Pseudomonadota;c__Gammaproteobacteria;o__Burkholderiales;f__Burkholderiaceae_A_595421;__,-0.26176710115029844
138,d__Bacteria;p__Pseudomonadota;c__Alphaproteobacteria;o__RF32;f__CAG-977;g__UBA2903,-0.25426289895029835
139,d__Bacteria;p__Bacillota_A_368345;c__Clostridia_258483;o__Lachnospirales;f__Lachnospiraceae;g__Mediterraneibacter_A_155507,-0.24856135515029826
140,d__Bacteria;p__Bacteroidota;c__Bacteroidia;o__Bacteroidales;f__Bacteroidaceae;g__Paraprevotella,-0.24077611515029823
141,d__Bacteria;p__Bacillota_A_368345;c__Clostridia_258483;o__Lachnospirales;f__Lachnospiraceae;g__Petralouisia,-0.24031377115029817
142,d__Bacteria;p__Bacillota_A_368345;c__Clostridia_258483;o__Oscillospirales;f__Acutalibacteraceae;__,-0.2371423851502984
143,d__Bacteria;p__Bacillota_I;c__Bacilli_A;o__ML615J-28;f__CAG-313;g__CAG-313,-0.22661523115029827
144,d__Bacteria;p__Bacillota_A_368345;c__Clostridia_258483;o__Oscillospirales;f__Acutalibacteraceae;g__CAG-964,-0.22387832355029835
145,d__Bacteria;p__Pseudomonadota;c__Gammaproteobacteria;o__Enterobacterales_737866;f__Pasteurellaceae;__,-0.21818088515029835
146,d__Bacteria;p__Pseudomonadota;c__Gammaproteobacteria;o__Enterobacterales_737866;f__Succinivibrionaceae;g__WG-1,-0.2163300828502983
147,d__Bacteria;p__Bacillota_A_368345;c__Clostridia_258483;o__Oscillospirales;f__Ruminococcaceae;g__Merdimmobilis,-0.2154937251502983
148,d__Bacteria;p__Cyanobacteriota;c__Vampirovibrionia;o__Gastranaerophilales;f__Gastranaerophilaceae;g__Limenecus,-0.20855795225029838
149,d__Bacteria;p__Bacillota_A_368345;c__Clostridia_258483;o__Lachnospirales;f__Lachnospiraceae;g__Porcincola,-0.2053324951502983
150,d__Bacteria;p__Bacillota_A_368345;c__Clostridia_258483;o__Oscillospirales;f__;g__,-0.19054638515029837
151,d__Bacteria;p__Bacillota_A_368345;c__Clostridia_258483;o__Oscillospirales;f__Acutalibacteraceae;g__Pseudoruminococcus,-0.18980193815029836
152,d__Bacteria;p__Bacillota_A_368345;c__Clostridia_258483;o__Lachnospirales;f__Lachnospiraceae;g__Sellimonas,-0.1822748610502983
153,d__Bacteria;p__Pseudomonadota;c__Gammaproteobacteria;o__Enterobacterales_737866;f__Enterobacteriaceae_A_725029;__,-0.1796916941502983
154,d__Bacteria;p__Bacillota_I;c__Bacilli_A;o__Lactobacillales;f__Lactobacillaceae;g__Ligilactobacillus,-0.17777123515029833
155,d__Bacteria;p__Bacillota_C;c__Negativicutes;o__Veillonellales;f__Megasphaeraceae;g__Megasphaera_A_38685,-0.16955531289029832
156,d__Bacteria;p__Bacillota_A_368345;c__Clostridia_258483;o__Oscillospirales;f__Oscillospiraceae_88309;g__Papillibacter,-0.1603940751502984
157,d__Bacteria;p__Bacillota_A_368345;c__Clostridia_258483;o__Oscillospirales;f__Ruminococcaceae;g__Neobittarella,-0.1429791832502983
158,d__Bacteria;p__Bacillota_A_368345;c__Clostridia_258483;o__Lachnospirales;f__Lachnospiraceae;g__Butyribacter,-0.1424723151502983
159,d__Bacteria;p__Bacillota_A_368345;c__Clostridia_258483;o__Christensenellales;f__Borkfalkiaceae;g__Borkfalkia,-0.13776315515029833
160,d__Bacteria;p__Bacillota_A_368345;c__Clostridia_258483;o__Oscillospirales;f__Ruminococcaceae;g__Massiliimalia,-0.13392066115029827
161,d__Bacteria;p__Bacillota_A_368345;c__Clostridia_258483;o__SK-Y3;f__SK-Y3;g__Petroclostridium,-0.1323483481502982
162,d__Bacteria;p__Verrucomicrobiota;c__Verrucomicrobiae;o__Opitutales;f__CAG-312;g__Merdousia,-0.13176739415029828
163,d__Bacteria;p__Bacillota_I;c__Bacilli_A;o__Erysipelotrichales;f__Coprobacillaceae;__,-0.12027921515029831
164,d__Bacteria;p__Bacillota_A_368345;c__Clostridia_258483;o__Oscillospirales;f__Oscillospiraceae_88309;g__Pseudoflavonifractor_A_81068,-0.11655366285029832
165,d__Bacteria;p__Bacillota_A_368345;c__Clostridia_258483;o__Lachnospirales;f__Lachnospiraceae;g__AF33-28,-0.10735500515029832
166,d__Bacteria;p__Bacteroidota;c__Bacteroidia;o__Bacteroidales;f__Bacteroidaceae;g__Phocaeicola_A,-0.10492799515029828
167,d__Bacteria;p__Bacillota_A_368345;c__Clostridia_258483;o__Lachnospirales;f__Lachnospiraceae;g__Blautia_A_141781,-0.10250479515029833
168,d__Bacteria;p__Bacillota_A_368345;c__Clostridia_258483;o__Oscillospirales;f__Oscillospiraceae_88309;g__Pseudoflavonifractor_A_81071,-0.1022155746502983
169,d__Bacteria;p__Bacillota_A_368345;c__Clostridia_258483;o__Oscillospirales;f__Acutalibacteraceae;g__Hominenteromicrobium,-0.09661529515029828
170,d__Bacteria;p__Bacillota_A_368345;c__Clostridia_258483;o__Lachnospirales;f__Lachnospiraceae;g__Pararoseburia,-0.09427073305029833
171,d__Bacteria;p__Bacteroidota;c__Bacteroidia;o__Bacteroidales;f__Marinifilaceae;g__Butyricimonas,-0.09348931015029827
172,d__Bacteria;p__Bacillota_A_368345;c__Clostridia_258483;o__Oscillospirales;f__Oscillospiraceae_88309;g__WRMH01,-0.08715660835029826
173,d__Bacteria;p__Bacillota_A_368345;c__Clostridia_258483;o__Peptostreptococcales;f__Anaerovoracaceae;g__Hominibacterium,-0.08712044065029831
174,d__Bacteria;p__Bacillota_I;c__Bacilli_A;o__RF39;f__UBA660;g__UBA3789,-0.08711583595029833
175,d__Bacteria;p__Bacillota_A_368345;c__Clostridia_258483;o__Peptostreptococcales;f__Anaerovoracaceae;g__Emergencia,-0.08648672315029826
176,d__Bacteria;p__Bacteroidota;c__Bacteroidia;o__Bacteroidales;f__Muribaculaceae;g__CAG-873,-0.06841878375029824
177,d__Bacteria;p__Pseudomonadota;c__Alphaproteobacteria;o__RF32;f__CAG-239;g__,-0.06745236535029832
178,d__Bacteria;p__Bacillota_A_368345;c__Clostridia_258483;o__Oscillospirales;f__Acutalibacteraceae;g__RUG762,-0.05907010845029832
179,d__Bacteria;p__Bacillota_A_368345;c__Clostridia_258483;o__Oscillospirales;f__Ruminococcaceae;__,-0.05172553915029832
180,d__Bacteria;p__Pseudomonadota;c__Gammaproteobacteria;o__Pseudomonadales_A_641030;f__Halomonadaceae_641030;__,-0.0479020194502983
181,d__Bacteria;p__Bacillota_A_368345;c__Clostridia_258483;o__Christensenellales;f__Aristaeellaceae;__,-0.0429837211502983
182,d__Bacteria;p__Bacteroidota;c__Bacteroidia;o__Bacteroidales;f__Bacteroidaceae;g__Prevotella,-0.0412404251502983
183,d__Bacteria;p__Bacillota_A_368345;c__Clostridia_258483;o__Lachnospirales;f__Lachnospiraceae;g__Oribacterium,-0.036711144150298296
184,d__Bacteria;p__Bacillota_A_368345;c__Clostridia_258483;o__Lachnospirales;f__Lachnospiraceae;g__Limivivens,-0.036136435150298296
185,d__Bacteria;p__Bacillota_A_368345;c__Clostridia_258483;o__Lachnospirales;f__Lachnospiraceae;g__Roseburia_A_166204,-0.033795095150298285
186,d__Bacteria;p__Bacillota_I;c__Bacilli_A;o__RF39;f__UBA660;g__CAG-710,-0.032315905150298294
187,d__Bacteria;p__Bacteroidota;c__Bacteroidia;o__Bacteroidales;f__Bacteroidaceae;g__Bacteroides_H_857956,-0.021537377150298288
188,d__Bacteria;p__Bacillota_A_368345;c__Clostridia_258483;o__Lachnospirales;f__Lachnospiraceae;g__UBA935,-0.01948882635029827
189,d__Bacteria;p__Cyanobacteriota;c__Vampirovibrionia;o__Gastranaerophilales;f__Gastranaerophilaceae;g__CAG-196,-0.0130757161502983
190,d__Bacteria;p__Bacillota_A_368345;c__Clostridia_258483;o__TANB77;f__CAG-508;g__Merdicola,-0.011373401150298295
191,d__Bacteria;p__Bacillota_I;c__Bacilli_A;o__RFN20;f__CAG-288;g__Scatoplasma,-0.011252865150298297
192,d__Bacteria;p__Bacillota_A_368345;c__Clostridia_258483;o__Lachnospirales;f__Lachnospiraceae;g__Clostridium_N_179645,-0.0022607049502982994
193,d__Bacteria;p__Bacillota_A_368345;c__Clostridia_258483;o__Lachnospirales;f__Lachnospiraceae;__,0.002622494849701703
194,d__Bacteria;p__Bacillota_B_370539;c__Peptococcia_369891;o__Peptococcales_369891;f__Peptococcaceae_369362;g__Peptococcus,0.004276922849701712
195,d__Bacteria;p__Spirochaetota;c__Spirochaetia;o__Treponematales;f__Treponemataceae;g__Treponema_D,0.006280897649701697
196,d__Bacteria;p__Bacillota_I;c__Bacilli_A;o__Mycoplasmatales;f__Mycoplasmoidaceae;g__Ureaplasma,0.007408871849701684
197,d__Bacteria;p__Bacillota_A_368345;c__Clostridia_258483;o__Oscillospirales;f__Butyricicoccaceae;g__Agathobaculum,0.009081596849701697
198,d__Bacteria;p__Bacillota_A_368345;c__Clostridia_258483;o__Christensenellales;f__Pumilibacteraceae;g__,0.009216428849701709
199,d__Bacteria;p__Bacillota_A_368345;c__Clostridia_258483;o__Lachnospirales;f__Lachnospiraceae;g__Frisingicoccus,0.015547825149701709
200,d__Bacteria;p__Bacillota_A_368345;c__Clostridia_258483;o__Peptostreptococcales;f__Filifactoraceae;g__,0.028407841849701708
201,d__Bacteria;p__Bacillota_A_368345;c__Clostridia_258483;o__Lachnospirales;f__Lachnospiraceae;g__Fusicatenibacter,0.031918104849701694
202,d__Bacteria;p__Bacillota_C;c__Negativicutes;o__Veillonellales;f__Dialisteraceae;g__Allisonella,0.03658650684970172
203,d__Bacteria;p__Bacillota_I;c__Bacilli_A;o__RFN20;f__CAG-826;g__UBA4951,0.0372564499497017
204,d__Bacteria;p__Bacillota_A_368345;c__Clostridia_258483;o__Oscillospirales;f__Ruminococcaceae;g__Faecalibacterium,0.0385470008497017
205,d__Bacteria;p__Bacillota_A_368345;c__Clostridia_258483;o__TANB77;f__CAG-508;__,0.039292999149701704
206,d__Bacteria;p__Bacillota_A_368345;c__Clostridia_258483;o__Oscillospirales;f__Oscillospiraceae_88309;g__Enterenecus,0.0398461612497017
207,d__Bacteria;p__Bacillota_A_368345;c__Clostridia_258483;o__Oscillospirales;f__Acutalibacteraceae;g__Acutalibacter,0.04298832414970169
208,d__Bacteria;p__Pseudomonadota;c__Gammaproteobacteria;o__Enterobacterales_737866;f__Succinivibrionaceae;g__Succinivibrio,0.04628574584970168
209,d__Bacteria;p__Bacillota_A_368345;c__Clostridia_258483;o__Lachnospirales;f__Anaerotignaceae;g__,0.04759951684970171
210,d__Bacteria;p__Bacillota_A_368345;c__Clostridia_258483;o__Lachnospirales;f__Lachnospiraceae;g__Schaedlerella,0.0497658808497017
211,d__Bacteria;p__Bacillota_A_368345;c__Clostridia_258483;o__Lachnospirales;f__Lachnospiraceae;g__Laedolimicola,0.051503850849701695
212,d__Bacteria;p__Cyanobacteriota;c__Vampirovibrionia;o__Gastranaerophilales;f__Gastranaerophilaceae;g__,0.0518559518497017
213,d__Bacteria;p__Bacillota_A_368345;c__Clostridia_258483;o__Oscillospirales;f__Ruminococcaceae;g__Gemmiger_A_73276,0.05225565744970169
214,d__Bacteria;p__Bacillota_A_368345;c__Clostridia_258483;o__Oscillospirales;f__Oscillospiraceae_88309;g__Sporobacter,0.05922127284970169
215,d__Bacteria;p__Bacillota_A_368345;c__Clostridia_258483;o__Lachnospirales;f__Lachnospiraceae;g__Wujia,0.07051037829970172
216,d__Bacteria;p__Bacillota_I;c__Bacilli_A;o__ML615J-28;f__CAG-698;g__UBA2253,0.07108292483970169
217,d__Bacteria;p__Cyanobacteriota;c__Vampirovibrionia;o__Gastranaerophilales;f__Gastranaerophilaceae;g__UBA2813,0.07157729034970167
218,d__Bacteria;p__Bacillota_I;c__Bacilli_A;o__Lactobacillales;f__Lactobacillaceae;g__Lacticaseibacillus,0.07206790484970167
219,d__Bacteria;p__Bacillota_A_368345;c__Clostridia_258483;o__Lachnospirales;f__Lachnospiraceae;g__Clostridium_AP_143938,0.07266929214970172
220,d__Bacteria;p__Bacteroidota;c__Bacteroidia;o__Bacteroidales;f__Bacteroidaceae;__,0.0735450550497017
221,d__Bacteria;p__Bacillota_C;c__Negativicutes;o__Veillonellales;f__Dialisteraceae;g__Dialister_37762,0.07360383974970175
222,d__Bacteria;p__Bacillota_A_368345;c__Clostridia_258483;o__Lachnospirales;f__Lachnospiraceae;g__Anaerobutyricum,0.07932943484970173
223,d__Bacteria;p__Bacillota_A_368345;c__Clostridia_258483;o__Lachnospirales;f__Lachnospiraceae;g__COE1,0.07975087584970167
224,d__Bacteria;p__Bacillota_I;c__Bacilli_A;o__ML615J-28;f__CAG-313;__,0.0822230714497017
225,d__Bacteria;p__Bacillota_I;c__Bacilli_A;o__Erysipelotrichales;f__Erysipelotrichaceae;g__Bulleidia,0.08345954484970168
226,d__Bacteria;p__Bacillota_A_368345;c__Clostridia_258483;o__Lachnospirales;f__Anaerotignaceae;g__Anaerotignum_189163,0.0842230878497017
227,d__Bacteria;p__Bacillota_I;c__Bacilli_A;o__Lactobacillales;f__Lactobacillaceae;__,0.08804317773970174
228,d__Bacteria;p__Bacillota_I;c__Bacilli_A;o__RF39;f__UBA660;g__RUG12783,0.09441827884970178
229,d__Bacteria;p__Bacillota_A_368345;c__Clostridia_258483;o__Oscillospirales;f__Oscillospiraceae_88309;g__Faecousia,0.09477629284970172
230,d__Bacteria;p__Bacillota_A_368345;c__Clostridia_258483;o__Lachnospirales;f__Lachnospiraceae;g__CAG-632,0.09570681794970168
231,d__Bacteria;p__Bacillota_A_368345;c__Clostridia_43505;o__Caldicoprobacterales;f__Xylanivirgaceae;g__Xylanivirga,0.09810165584970167
232,d__Bacteria;p__Bacillota_A_368345;c__Clostridia_258483;o__Oscillospirales;f__Ruminococcaceae;g__FB2012,0.10048050844970176
233,d__Bacteria;p__Pseudomonadota;c__Gammaproteobacteria;o__Pseudomonadales_A_660879;f__Moraxellaceae;g__Acinetobacter,0.11729249294970166
234,d__Bacteria;p__Bacillota_A_368345;c__Clostridia_258483;o__Christensenellales;f__UBA1242;g__UBA11490,0.11751696184970171
235,d__Bacteria;p__Bacillota_A_368345;c__Clostridia_258483;o__Oscillospirales;__;__,0.1176750481497017
236,d__Bacteria;p__Bacteroidota;c__Bacteroidia;o__Bacteroidales;f__UBA932;g__Cryptobacteroides,0.11910247484970167
237,d__Bacteria;p__Bacillota_A_368345;c__Clostridia_258483;o__Lachnospirales;f__Lachnospiraceae;g__,0.11995049384970173
238,d__Bacteria;p__Bacillota_I;c__Bacilli_A;o__RFN20;f__CAG-826;__,0.11995068184970167
239,d__Bacteria;p__Bacillota_A_368345;c__Clostridia_258483;o__Oscillospirales;f__Ruminococcaceae;g__UBA946,0.12024115054970168
240,d__Bacteria;p__Bacillota_A_368345;c__Clostridia_258483;o__Oscillospirales;f__Oscillospiraceae_88309;g__Onthomonas,0.12057150784970175
241,d__Bacteria;p__Bacillota_A_368345;c__Clostridia_258483;o__Tissierellales;f__Peptoniphilaceae;g__Parvimonas,0.12468691184970165
242,d__Bacteria;p__Bacillota_A_368345;c__Clostridia_258483;o__Oscillospirales;f__CAG-272;g__UBA1248,0.12750673554970163
243,d__Bacteria;p__Bacillota_I;c__Bacilli_A;o__Staphylococcales;f__Gemellaceae;g__Gemella,0.1376465768497016
244,d__Bacteria;p__Bacillota_A_368345;c__Clostridia_258483;o__Lachnospirales;f__Lachnospiraceae;g__CAG-791,0.14070047494970175
245,d__Bacteria;p__Pseudomonadota;c__Alphaproteobacteria;o__UBA3830;f__UBA3830;g__UBA3830,0.14246439264970165
246,d__Bacteria;p__Pseudomonadota;c__Alphaproteobacteria;o__RF32;f__CAG-239;g__JAFUYI01,0.15490862324970173
247,d__Bacteria;p__Bacillota_A_368345;c__Clostridia_258483;o__Oscillospirales;f__CAG-272;g__Avispirillum,0.1587186928497017
248,d__Bacteria;p__Bacteroidota;c__Bacteroidia;o__Bacteroidales;f__Muribaculaceae;g__Sodaliphilus,0.1594777412497017
249,d__Bacteria;p__Bacillota_I;c__Bacilli_A;o__RFN20;f__CAG-288;g__Asteroleplasma,0.15986935584970166
250,d__Bacteria;p__Bacillota_A_368345;c__Clostridia_258483;o__Oscillospirales;f__Acutalibacteraceae;g__Caproicibacterium,0.16470498804970168
251,d__Bacteria;p__Bacillota_A_368345;c__Clostridia_258483;o__Oscillospirales;f__Ruminococcaceae;g__Ruminococcus_F,0.16875838234970172
252,d__Bacteria;p__Bacillota_A_368345;c__Clostridia_258483;o__Lachnospirales;f__Lachnospiraceae;g__Suilimivivens,0.1783547155397016
253,d__Bacteria;p__Bacteroidota;c__Bacteroidia;o__Bacteroidales;__;__,0.17950905483970167
254,d__Bacteria;p__Bacillota_A_368345;c__Clostridia_258483;o__Oscillospirales;f__QAKW01;g__Firm-08,0.18232166784970186
255,d__Bacteria;p__Bacillota_A_368345;c__Clostridia_258483;o__TANB77;f__CAG-508;g__CAG-793,0.1825537607497017
256,d__Bacteria;p__Bacteroidota;c__Bacteroidia;o__Bacteroidales;f__Paludibacteraceae;g__RF16,0.18375807884970174
257,d__Bacteria;p__Bacillota_A_368345;c__Clostridia_258483;o__Monoglobales;f__Monoglobaceae;__,0.18577239284970168
258,d__Bacteria;p__Verrucomicrobiota;c__Kiritimatiellia;o__RFP12;f__UBA1067;g__UBA1067,0.1903108487497017
259,d__Bacteria;p__Pseudomonadota;c__Alphaproteobacteria;o__RF32;f__CAG-239;g__HGM16780,0.19496175754970174
260,d__Bacteria;p__Bacillota_A_368345;c__Clostridia_258483;o__Lachnospirales;f__Lachnospiraceae;g__Eisenbergiella,0.1958258878497017
261,d__Bacteria;p__Verrucomicrobiota;c__Lentisphaeria;o__Victivallales;f__UBA1829;g__UBA11452,0.20187369414970163
262,d__Bacteria;p__Bacteroidota;c__Bacteroidia;o__Bacteroidales;f__Muribaculaceae;g__SFTJ01,0.20431080984970168
263,d__Bacteria;p__Bacillota_A_368345;c__Clostridia_258483;o__Lachnospirales;f__Lachnospiraceae;g__Lachnoclostridium_B,0.2045582182497017
264,d__Bacteria;p__Bacillota_A_368345;c__Clostridia_258483;o__Lachnospirales;f__Lachnospiraceae;g__Jutongia,0.20632694454970177
265,d__Bacteria;p__Desulfobacterota_G_459543;c__Desulfovibrionia;o__Desulfovibrionales;f__Desulfovibrionaceae;__,0.20707409984970174
266,d__Bacteria;p__Bacillota_I;c__Bacilli_A;o__RF39;f__UBA660;g__UBA2730,0.21026052104970167
267,d__Bacteria;p__Bacillota_I;c__Bacilli_A;o__Erysipelotrichales;f__Erysipelotrichaceae;g__Merdibacter,0.21242916414970175
268,d__Bacteria;p__Bacillota_A_368345;c__Clostridia_258483;o__Oscillospirales;f__Acutalibacteraceae;g__UBA6857,0.21478252694970174
269,d__Bacteria;p__Bacillota_A_368345;c__Clostridia_258483;o__Christensenellales;f__CAG-138;g__RUG472,0.2149630551497017
270,d__Bacteria;p__Bacillota_A_368345;c__Clostridia_258483;o__Oscillospirales;f__Ruminococcaceae;g__Fimivivens,0.2160228774497018
271,d__Bacteria;p__Bacteroidota;c__Bacteroidia;__;__;__,0.21632916814970174
272,d__Bacteria;p__Pseudomonadota;c__Gammaproteobacteria;o__Enterobacterales_737866;f__Enterobacteriaceae_A_732334;g__Morganella,0.2193413471497016
273,d__Bacteria;p__Bacillota_A_368345;c__Clostridia_258483;o__Oscillospirales;f__Oscillospiraceae_88309;g__Dysosmobacter,0.22599233564970184
274,d__Bacteria;p__Pseudomonadota;c__Alphaproteobacteria;o__RF32;f__CAG-239;g__RUG410,0.22875014116970172
275,d__Bacteria;p__Bacillota_A_368345;c__Clostridia_258483;o__Lachnospirales;f__Lachnospiraceae;g__UBA3402,0.22951805784970172
276,d__Bacteria;p__Bacillota_A_368345;c__Clostridia_258483;o__Christensenellales;f__CAG-917;g__CAG-475,0.2338563852497018
277,d__Bacteria;p__Bacillota_A_368345;c__Clostridia_258483;o__Lachnospirales;f__Lachnospiraceae;g__Coprococcus_A_187866,0.23506940044970165
278,d__Bacteria;p__Patescibacteria;c__Saccharimonadia;o__Saccharimonadales;__;__,0.23916606434970172
279,d__Bacteria;p__Fusobacteriota;c__Fusobacteriia;o__Fusobacteriales;f__Leptotrichiaceae;g__Leptotrichia_A_993758,0.2446165738497017
280,d__Bacteria;p__Bacillota_A_368345;c__Clostridia_258483;o__Oscillospirales;f__CAG-272;g__RUG13077,0.25328825624970164
281,d__Bacteria;p__Bacillota_A_368345;c__Clostridia_258483;o__Oscillospirales;f__Ruminococcaceae;g__Anaerofilum_73741,0.2558028488497017
282,d__Bacteria;p__Bacillota_A_368345;c__Clostridia_258483;o__Oscillospirales;f__Ruminococcaceae;g__Ruminococcus_C_58660,0.2623296425497018
283,d__Bacteria;p__Bacteroidota;c__Bacteroidia;o__Bacteroidales;f__Tannerellaceae;g__Parabacteroides_B_862066,0.2646654002497016
284,d__Bacteria;p__Bacillota_A_368345;c__Clostridia_258483;o__Christensenellales;f__Borkfalkiaceae;g__UBA1259,0.26576210584970167
285,d__Bacteria;p__Pseudomonadota;c__Gammaproteobacteria;o__Enterobacterales_737866;f__Enterobacteriaceae_A_725029;g__Escherichia,0.2744495775497018
286,d__Bacteria;p__Pseudomonadota;c__Alphaproteobacteria;o__Rs-D84_512864;f__Rs-D84;g__,0.27786060484970165
287,d__Bacteria;p__Bacillota_A_368345;c__Clostridia_258483;o__Oscillospirales;f__Ruminococcaceae;g__Anaerotruncus,0.28018264344970173
288,d__Bacteria;p__Bacillota_A_368345;c__Clostridia_258483;o__Oscillospirales;f__Oscillospiraceae_88309;g__Limivicinus,0.28597011804970174
289,d__Bacteria;p__Bacillota_C;c__Negativicutes;o__Selenomonadales;f__Selenomonadaceae_42771;g__Selenomonas_A_42750,0.2860642017497016
290,d__Bacteria;p__Bacillota_A_368345;c__Clostridia_258483;o__Lachnospirales;f__Lachnospiraceae;g__Roseburia_A_164118,0.2902323718497017
291,d__Bacteria;p__Bacillota_A_368345;c__Clostridia_258483;o__Oscillospirales;f__CAG-272;g__,0.2929871368497018
292,d__Bacteria;p__Bacillota_C;c__Negativicutes;o__Acidaminococcales;f__Acidaminococcaceae;g__Phascolarctobacterium_A_40086,0.29332501634970165
293,d__Bacteria;p__Verrucomicrobiota;c__Lentisphaeria;o__Victivallales;f__UBA1829;g__UBA1732,0.2940886928497017
294,d__Bacteria;p__Bacillota_C;c__Negativicutes;o__Acidaminococcales;f__Acidaminococcaceae;g__Phascolarctobacterium_A_39470,0.2956500655497017
295,d__Bacteria;p__Bacillota_A_368345;c__Clostridia_258483;o__TANB77;f__CAG-508;g__,0.29664423601970175
296,d__Bacteria;p__Eremiobacterota;c__Xenobia;o__Xenobiales;f__Xenobiaceae;g__Bruticola,0.3012801418497017
297,d__Bacteria;p__Bacillota_A_368345;c__Clostridia_258483;o__Monoglobales;f__Monoglobaceae;g__Ructibacterium,0.3025876363497016
298,d__Bacteria;p__Bacillota_A_368345;c__Clostridia_258483;o__Oscillospirales;f__CAG-272;g__QALR01,0.30711442954970164
299,d__Bacteria;p__Bacillota_A_368345;c__Clostridia_258483;o__Lachnospirales;f__Lachnospiraceae;g__Catonella,0.30773783124970155
300,d__Bacteria;p__Bacillota_I;c__Bacilli_A;o__RF39;f__UBA660;g__DUPI01,0.3151375941497017
301,d__Bacteria;p__Bacillota_I;c__Bacilli_A;o__Erysipelotrichales;f__Erysipelotrichaceae;g__UBA636,0.31632509314970175
302,d__Bacteria;p__Pseudomonadota;c__Alphaproteobacteria;o__RF32;f__CAG-239;g__UBA1254,0.31683329234970187
303,d__Bacteria;p__Cyanobacteriota;c__Vampirovibrionia;o__Gastranaerophilales;f__Gastranaerophilaceae;g__UBA6984,0.3174070259497016
304,d__Bacteria;p__Bacillota_A_368345;c__Clostridia_258483;o__Christensenellales;f__CAG-138;__,0.3183886450497017
305,d__Bacteria;p__Pseudomonadota;c__Alphaproteobacteria;o__Rs-D84_550940;f__CACZYB01;g__CACZYB01,0.3210789477497017
306,d__Bacteria;p__Bacillota_A_368345;c__Clostridia_258483;o__Oscillospirales;f__Ruminococcaceae;g__Metaruminococcus_A,0.3257130274497016
307,d__Bacteria;p__Bacillota_A_368345;c__Clostridia_258483;o__Lachnospirales;f__Lachnospiraceae;g__Coprococcus_A_121497,0.3261091700497017
308,d__Bacteria;p__Bacillota_A_368345;c__Clostridia_258483;o__Oscillospirales;f__CAG-272;__,0.32990191344970177
309,d__Bacteria;p__Bacillota_A_368345;c__Clostridia_258483;o__Lachnospirales;f__Lachnospiraceae;g__Mediterraneibacter_A_155590,0.3330494600497016
310,d__Bacteria;p__Fibrobacterota;c__Fibrobacteria;o__Fibrobacterales;f__Fibrobacteraceae;__,0.33421659284970173
311,d__Bacteria;p__Spirochaetota;c__Brachyspirae;o__Brachyspirales;f__Brachyspiraceae;g__Brachyspira,0.33657905364970153
312,d__Bacteria;p__Bacillota_I;c__Bacilli_A;o__Lactobacillales;f__Lactobacillaceae;g__Lactobacillus,0.33669882994970174
313,d__Bacteria;p__Verrucomicrobiota;c__Lentisphaeria;o__Oligosphaerales;f__Oligosphaeraceae;__,0.3445240542497016
314,d__Bacteria;p__Bacillota_A_368345;c__Clostridia_258483;o__Lachnospirales;f__Anaerotignaceae;g__Fimicola,0.34484192464970187
315,d__Bacteria;p__Bacillota_A_368345;c__Clostridia_258483;o__Lachnospirales;f__Anaerotignaceae;g__Anaerotignum_189125,0.3536620068497017
316,d__Bacteria;p__Bacillota_I;c__Bacilli_A;o__Lactobacillales;f__Streptococcaceae;__,0.35370967950970167
317,d__Bacteria;p__Bacillota_A_368345;c__Clostridia_258483;o__Christensenellales;f__CAG-138;g__PeH17,0.35476430684970167
318,d__Bacteria;p__Bacillota_C;c__Negativicutes;o__Selenomonadales;f__Selenomonadaceae_42771;__,0.35945721684970183
319,d__Bacteria;p__Spirochaetota;c__Spirochaetia;o__Sphaerochaetales;f__Sphaerochaetaceae;g__Ornithospirochaeta,0.36454008304970165
320,d__Bacteria;p__Bacillota_A_368345;c__Clostridia_258483;__;__;__,0.3658578358497018
321,d__Bacteria;p__Bacillota_I;c__Bacilli_A;o__RFN20;f__CAG-826;g__Enteromonas,0.36628837184970175
322,d__Bacteria;p__Bacillota_A_368345;c__Clostridia_258483;o__Lachnospirales;f__Lachnospiraceae;g__CAG-510,0.37007041734970164
323,d__Bacteria;p__Bacillota_A_368345;c__Clostridia_258483;o__Lachnospirales;f__Lachnospiraceae;g__CAG-194,0.3718769276597016
324,d__Bacteria;p__Bacillota_A_368345;c__Clostridia_258483;o__Lachnospirales;f__Lachnospiraceae;g__Bariatricus,0.3732916330497018
325,d__Bacteria;p__Bacillota_A_368345;c__Clostridia_258483;o__Christensenellales;f__UBA1242;g__UMGS2069,0.3800988098497017
326,d__Bacteria;p__Bacillota_A_368345;c__Clostridia_258483;o__Christensenellales;f__CAG-314;g__SFEB01,0.38249488461970166
327,d__Bacteria;p__Pseudomonadota;c__Gammaproteobacteria;o__Xanthomonadales;f__Xanthomonadaceae;g__Stenotrophomonas_A_615274,0.39124112244970144
328,d__Bacteria;p__Bacillota_A_368345;c__Clostridia_258483;o__Lachnospirales;f__Lachnospiraceae;g__Anaerostipes,0.3922304792497017
329,d__Bacteria;p__Spirochaetota;c__Spirochaetia;o__Sphaerochaetales;f__Sphaerochaetaceae;__,0.4000506232597019
330,d__Bacteria;p__Bacillota_C;c__Negativicutes;o__Selenomonadales;f__Selenomonadaceae_42771;g__Mitsuokella,0.40077953044970166
331,d__Bacteria;p__Bacillota_A_368345;c__Clostridia_258483;o__Clostridiales;f__Clostridiaceae_222000;g__Clostridium_T,0.4031600764497016
332,d__Bacteria;p__Bacillota_A_368345;c__Clostridia_258483;o__Peptostreptococcales;f__Peptostreptococcaceae_256921;g__Intestinibacter,0.40931811424970166
333,d__Bacteria;p__Bacillota_A_368345;c__Clostridia_258483;o__Oscillospirales;f__Acutalibacteraceae;g__UBA5905,0.4203355896097017
334,d__Bacteria;p__Bacillota_A_368345;c__Clostridia_258483;o__Oscillospirales;f__Oscillospiraceae_88309;__,0.42199163484970165
335,d__Bacteria;p__Bacillota_A_368345;c__Clostridia_258483;o__Oscillospirales;f__Acutalibacteraceae;g__CAG-488,0.4228016550497015
336,d__Bacteria;p__Bacillota_I;c__Bacilli_A;o__RF39;f__UBA660;g__UMGS1449,0.4260459524497017
337,d__Bacteria;p__Actinomycetota;c__Coriobacteriia;o__Coriobacteriales;f__Atopobiaceae;__,0.42642612674970165
338,d__Archaea;p__Thermoplasmatota;c__Thermoplasmata_1773;o__Methanomassiliicoccales;f__Methanomethylophilaceae;g__UBA71,0.4272591548497017
339,d__Bacteria;p__Bacillota_A_368345;c__Clostridia_258483;o__Oscillospirales;f__Acutalibacteraceae;g__Ruminococcus_E,0.43317463284970176
340,d__Bacteria;p__Verrucomicrobiota;c__Verrucomicrobiae;o__Opitutales;__;__,0.43371241160970186
341,d__Bacteria;p__Bacillota_A_368345;c__Clostridia_258483;o__Christensenellales;f__UBA1242;g__,0.43784074654970145
342,d__Bacteria;p__Bacillota_A_368345;c__Clostridia_258483;o__Lachnospirales;f__Lachnospiraceae;g__Eubacterium_F,0.4406579289597017
343,d__Bacteria;p__Pseudomonadota;c__Alphaproteobacteria;o__RF32;f__CAG-239;__,0.44717252184970163
344,d__Bacteria;p__Patescibacteria;c__Saccharimonadia;o__Saccharimonadales;f__Nanosynbacteraceae;g__Nanosynbacter,0.45099386824970156
345,d__Bacteria;p__Bacillota_I;c__Bacilli_A;o__RF39;f__UBA660;__,0.45355545464970165
346,d__Bacteria;p__Bacillota_B_370541;c__Syntrophomonadia;o__Syntrophomonadales_368542;f__Syntrophomonadaceae_368540;g__Pelospora,0.4608886524397019
347,d__Bacteria;p__Bacillota_A_368345;c__Clostridia_258483;o__Peptostreptococcales;f__Filifactoraceae;g__Proteocatella_235811,0.47146811084970175
348,d__Bacteria;p__Bacillota_A_368345;c__Clostridia_258483;o__Lachnospirales;f__Lachnospiraceae;g__Roseburia_D,0.47396121648970185
349,d__Bacteria;p__Bacillota_I;c__Bacilli_A;o__Erysipelotrichales;f__Erysipelotrichaceae;g__Holdemanella,0.47512495704970187
350,d__Bacteria;p__Bacillota_A_368345;c__Clostridia_258483;o__Lachnospirales;f__;g__,0.48024060130970186
351,d__Bacteria;p__Bacteroidota;c__Bacteroidia;o__Bacteroidales;f__Coprobacteraceae;g__Coprobacter,0.4804093308497017
352,d__Bacteria;p__Bacillota_A_368345;c__Clostridia_258483;o__Christensenellales;f__CAG-917;g__CAG-349,0.48696437374970175
353,d__Bacteria;p__Pseudomonadota;c__Alphaproteobacteria;__;__;__,0.48715190954970156
354,d__Bacteria;p__Bacteroidota;c__Bacteroidia;o__Bacteroidales;f__Muribaculaceae;g__Muribaculum,0.4883408251497016
355,d__Bacteria;p__Bacillota_A_368345;c__Clostridia_258483;o__Oscillospirales;f__Ruminococcaceae;g__Pygmaiobacter,0.4952521442497018
356,d__Bacteria;p__Bacillota_A_368345;c__Clostridia_258483;o__Oscillospirales;f__Acutalibacteraceae;g__Eubacterium_R,0.49839743994970165
357,d__Bacteria;p__Bacillota_A_368345;c__Clostridia_258483;o__Oscillospirales;f__Acutalibacteraceae;g__Caproiciproducens,0.4984119951497021
358,d__Bacteria;p__Verrucomicrobiota;c__Kiritimatiellia;o__RFP12;f__UBA1067;__,0.5087940197497017
359,d__Bacteria;p__Bacillota_A_368345;c__Clostridia_258483;o__Oscillospirales;f__Ruminococcaceae;g__Ruminiclostridium_E,0.5128856629497018
360,d__Bacteria;p__Pseudomonadota;c__Gammaproteobacteria;o__Burkholderiales;f__Burkholderiaceae_A_595421;g__Comamonas_F_589250,0.5135137916497017
361,d__Bacteria;p__Bacillota_A_368345;c__Clostridia_258483;o__Peptostreptococcales;f__Peptostreptococcaceae_256921;g__Terrisporobacter,0.5168405879297013
362,d__Bacteria;p__Desulfobacterota_G_459543;c__Desulfovibrionia;o__Desulfovibrionales;f__Desulfovibrionaceae;g__Desulfovibrio_446353,0.5189789606497016
363,d__Bacteria;p__Bacillota_A_368345;__;__;__;__,0.5192462738497016
364,d__Bacteria;p__Bacillota_I;c__Bacilli_A;o__RF39;f__UBA660;g__Faecisoma,0.5196839957497018
365,d__Bacteria;p__Cyanobacteriota;c__Vampirovibrionia;o__Gastranaerophilales;f__Gastranaerophilaceae;__,0.5241768013697016
366,d__Bacteria;p__Bacillota_G;c__DTU014;o__DTU014;f__DTU014;g__DTU014,0.5326049685497014
367,d__Bacteria;p__Bacillota_I;c__Bacilli_A;o__Lactobacillales;f__Lactobacillaceae;g__Limosilactobacillus,0.5361305973497017
368,d__Bacteria;p__Patescibacteria;c__Saccharimonadia;o__Saccharimonadales;f__Saccharimonadaceae;g__Saccharimonas,0.5375301278497018
369,d__Bacteria;p__Bacillota_A_368345;c__Clostridia_258483;o__Oscillospirales;f__Ruminococcaceae;g__Marseille-P2935,0.5439897643697017
370,d__Bacteria;p__Bacillota_A_368345;c__Clostridia_258483;o__Oscillospirales;f__Acutalibacteraceae;g__UBA737,0.5444435831497015
371,d__Bacteria;p__Patescibacteria;__;__;__;__,0.5449892615497017
372,d__Bacteria;p__Bacillota_A_368345;c__Clostridia_258483;o__Oscillospirales;f__UBA929;g__WRAI01,0.5469589393497016
373,d__Bacteria;p__Bacillota_A_368345;c__Clostridia_258483;o__Lachnospirales;f__Lachnospiraceae;g__Lientehia,0.5532322256497018
374,d__Bacteria;p__Bacillota_A_368345;c__Clostridia_258483;o__Oscillospirales;f__Acutalibacteraceae;g__Clostridium_A_51961,0.5550699758397017
375,d__Bacteria;p__Bacillota_A_368345;c__Clostridia_258483;o__Lachnospirales;f__Lachnospiraceae;g__Roseburia_C,0.5613117687497013
376,d__Bacteria;p__Bacillota_I;c__Bacilli_A;o__RF39;f__UBA660;g__UBA6985,0.5623920884797017
377,d__Bacteria;p__Bacillota_I;c__Bacilli_A;o__RFN20;f__CAG-826;g__RUG131,0.5638108588497018
378,d__Bacteria;p__Pseudomonadota;c__Gammaproteobacteria;o__Pseudomonadales_A_641030;f__Halomonadaceae_641030;g__Modicisalibacter_640081,0.5749220248497019
379,d__Bacteria;p__Bacillota_I;c__Bacilli_A;o__RF39;f__UBA660;g__CAG-605,0.5806005317497016
380,d__Bacteria;p__Bacillota_A_368345;c__Clostridia_258483;o__Lachnospirales;f__Lachnospiraceae;g__Dorea_D_146760,0.5953402784497017
381,d__Bacteria;p__Bacillota_A_368345;c__Clostridia_258483;o__Peptostreptococcales;f__Anaerovoracaceae;g__,0.6099658040497017
382,d__Bacteria;p__Bacillota_A_368345;c__Clostridia_258483;o__Oscillospirales;f__Ruminococcaceae;g__Paludihabitans,0.6106846854497017
383,d__Bacteria;p__Actinomycetota;c__Actinomycetes;o__Actinomycetales;f__Micrococcaceae;g__Rothia,0.618734737249702
384,d__Bacteria;p__Bacillota_A_368345;c__Clostridia_258483;o__Peptostreptococcales;f__Anaerovoracaceae;__,0.6189875175497019
385,d__Bacteria;p__Bacillota_A_368345;c__Clostridia_258483;o__Lachnospirales;f__Lachnospiraceae;g__Eubacterium_G_180878,0.6229337765797015
386,d__Bacteria;p__Bacillota_A_368345;c__Clostridia_258483;o__Lachnospirales;f__Lachnospiraceae;g__Muricomes_149720,0.6327851433497016
387,d__Bacteria;p__Bacillota_I;c__Bacilli_A;o__RF39;f__UBA660;g__CAG-628,0.6331427413497017
388,d__Bacteria;p__Bacillota_I;c__Bacilli_A;__;__;__,0.6340878740497017
389,d__Bacteria;p__Bacillota_A_368345;c__Clostridia_258483;o__Oscillospirales;f__Acutalibacteraceae;g__Anaeromassilibacillus,0.6361146130497016
390,d__Bacteria;p__Bacillota_A_368345;c__Clostridia_258483;o__Lachnospirales;f__Lachnospiraceae;g__Choladousia,0.6476948193497014
391,d__Archaea;p__Methanobacteriota_A_1229;c__Methanobacteria;o__Methanobacteriales;f__Methanobacteriaceae;g__Methanosphaera,0.6532991683497016
392,d__Bacteria;p__Bacillota_A_368345;c__Clostridia_258483;o__Christensenellales;f__CAG-138;g__SFEL01,0.6583080245597016
393,d__Bacteria;p__Actinomycetota;c__Coriobacteriia;o__Coriobacteriales;f__Atopobiaceae;g__Parolsenella,0.6706239229497019
394,d__Bacteria;p__Bacillota_A_368345;c__Clostridia_258483;o__;f__;g__,0.6733642418497017
395,d__Bacteria;p__Bacillota_A_368345;c__Clostridia_258483;o__Oscillospirales;f__Oscillospiraceae_88309;g__Vescimonas,0.675486830949702
396,d__Bacteria;p__Bacillota_A_368345;c__Clostridia_258483;o__Christensenellales;f__CAG-138;g__Aphodomorpha,0.685306760649702
397,d__Bacteria;p__Bacillota_A_368345;c__Clostridia_258483;o__Oscillospirales;f__CAG-382;g__SFLA01,0.6948056905997018
398,d__Bacteria;p__Pseudomonadota;c__Gammaproteobacteria;o__Burkholderiales;f__Neisseriaceae;g__Neisseria_563205,0.7033513677497014
399,d__Bacteria;p__Bacillota_I;c__Bacilli_A;o__Erysipelotrichales;f__Erysipelotrichaceae;g__Dielma,0.7037620953497019
400,d__Bacteria;p__Pseudomonadota;c__Gammaproteobacteria;o__Burkholderiales;f__Burkholderiaceae_A_595421;g__Oxalobacter,0.7326729554497013
401,d__Bacteria;p__Bacillota_A_368345;c__Clostridia_258483;o__Christensenellales;f__Christensenellaceae;g__,0.7419331048497015
402,d__Bacteria;p__Patescibacteria;c__Dojkabacteria;o__SC72;f__SC72;g__UBA12044,0.7553986916497015
403,d__Bacteria;p__Bacillota_A_368345;c__Clostridia_258483;o__Oscillospirales;f__Ruminococcaceae;g__Porcipelethomonas,0.7586946141497016
404,d__Bacteria;p__Bacillota_A_368345;c__Clostridia_258483;o__Oscillospirales;f__Oscillospiraceae_88309;g__UBA2658,0.7621942185097015
405,d__Bacteria;p__Bacillota_A_368345;c__Clostridia_258483;o__Lachnospirales;f__Lachnospiraceae;g__Dorea_A,0.7629440784497017
406,d__Bacteria;p__Bacillota_A_368345;c__Clostridia_258483;o__Peptostreptococcales;f__Anaerovoracaceae;g__Mogibacterium_A,0.7672655112497018
407,d__Bacteria;p__Bacillota_A_368345;c__Clostridia_258483;o__Lachnospirales;f__Lachnospiraceae;g__Acetatifactor,0.7708538517297014
408,d__Bacteria;p__Bacillota_A_368345;c__Clostridia_258483;o__Oscillospirales;f__QAKW01;g__,0.7734283487497019
409,d__Bacteria;p__Bacillota_A_368345;c__Clostridia_258483;o__Christensenellales;f__CAG-138;g__CAG-1024,0.785073915049702
410,d__Bacteria;p__Bacillota_I;c__Bacilli_A;o__RF39;f__UBA660;g__UMGS872,0.7883610118497016
411,Unassigned;__;__;__;__;__,0.7941348274497018
412,d__Bacteria;p__Actinomycetota;c__Coriobacteriia;o__Coriobacteriales;f__Eggerthellaceae;g__Senegalimassilia,0.7972703011497019
413,d__Bacteria;p__Actinomycetota;c__Coriobacteriia;o__Coriobacteriales;f__Atopobiaceae;g__Lancefieldella,0.802654061749702
414,d__Bacteria;p__Actinomycetota;c__Actinomycetes;o__Actinomycetales;f__Actinomycetaceae;g__Pauljensenia,0.8093732718497014
415,d__Bacteria;p__Bacillota_A_368345;c__Clostridia_258483;o__Lachnospirales;f__Lachnospiraceae;g__Ventrisoma,0.8109561048497017
416,d__Bacteria;p__Bacillota_A_368345;c__Clostridia_258483;o__Christensenellales;f__Maliibacteriaceae;g__Maliibacterium,0.8287575730497018
417,d__Bacteria;p__Bacillota_A_368345;c__Clostridia_258483;o__Oscillospirales;f__Oscillospiraceae_88309;g__Intestinimonas,0.8389615338497015
418,d__Bacteria;p__Bacillota_A_368345;c__Clostridia_258483;o__Oscillospirales;f__Acutalibacteraceae;g__CAG-177,0.8710479046497015
419,d__Bacteria;p__Actinomycetota;c__Coriobacteriia;o__Coriobacteriales;f__Coriobacteriaceae;g__Collinsella,0.8716488388497018
420,d__Bacteria;p__Bacteroidota;c__Bacteroidia;o__Bacteroidales;f__Barnesiellaceae;g__Barnesiella_B,0.871730925249702
421,d__Bacteria;p__Actinomycetota;c__Coriobacteriia;o__Coriobacteriales;f__Eggerthellaceae;g__Adlercreutzia_A_404257,0.8779259966497014
422,d__Bacteria;p__Bacillota_A_368345;c__Clostridia_258483;o__Oscillospirales;f__Ruminococcaceae;g__Angelakisella,0.8794017174487017
423,d__Bacteria;p__Bacillota_B_370539;c__Peptococcia_369891;o__Peptococcales_369891;f__BICA1-8;g__BICA1-8,0.890189068849702
424,d__Bacteria;p__Bacillota_A_368345;c__Clostridia_258483;o__Lachnospirales;f__Lachnospiraceae;g__Hominisplanchenecus_A,0.8916708846497017
425,d__Bacteria;p__Bacillota_A_368345;c__Clostridia_258483;o__Oscillospirales;f__UBA644;g__UBA644,0.9101855294497012
426,d__Bacteria;p__Bacillota_A_368345;c__Clostridia_258483;o__Peptostreptococcales;f__Anaerovoracaceae;g__CAG-238,0.9277379588497014
427,d__Bacteria;p__Bacillota_I;c__Bacilli_A;o__RF39;f__UBA660;g__Scybalousia,0.9349996080497021
428,d__Bacteria;p__Bacillota_I;c__Bacilli_A;o__Erysipelotrichales;f__Erysipelotrichaceae;g__Holdemania,0.9352478943497018
429,d__Bacteria;p__Pseudomonadota;c__Gammaproteobacteria;o__Enterobacterales_737866;f__Pasteurellaceae;g__Aggregatibacter_736122,0.9430913323497019
430,d__Bacteria;p__Bacillota_I;c__Bacilli_A;o__RF39;f__UBA660;g__RUG705,0.9458861658497016
431,d__Bacteria;p__Bacillota_A_368345;c__Clostridia_258483;o__Oscillospirales;f__Oscillospiraceae_88309;g__Hominicoprocola,0.9497181485497016
432,d__Bacteria;p__Bacillota_A_368345;c__Clostridia_258483;o__Christensenellales;f__Aristaeellaceae;g__SFMI01,0.9641784833497014
433,d__Bacteria;p__Actinomycetota;c__Coriobacteriia;o__Coriobacteriales;f__Atopobiaceae;g__Thermophilibacter,0.9723008249497012
434,d__Bacteria;p__Bacillota_A_368345;c__Clostridia_258483;o__Peptostreptococcales;f__Peptostreptococcaceae_256921;g__Romboutsia_B,0.980284695649702
435,d__Bacteria;p__Bacteroidota;c__Bacteroidia;o__Flavobacteriales_B_877923;f__Weeksellaceae;__,0.9915565813097014
436,d__Bacteria;p__Bacillota_I;c__Bacilli_A;o__RF39;f__UBA660;g__CAG-533,1.0068323468497014
437,d__Bacteria;p__Bacillota_A_368345;c__Clostridia_258483;o__Oscillospirales;f__Oscillospiraceae_88309;g__WQUU01,1.0351602658497017
438,d__Bacteria;p__Bacillota_A_368345;c__Clostridia_258483;o__Christensenellales;f__Aristaeellaceae;g__Onthenecus,1.0405288098497019
439,d__Bacteria;p__Cyanobacteriota;c__Vampirovibrionia;o__Gastranaerophilales;f__Gastranaerophilaceae;g__Stercorousia,1.042674945149702
440,d__Bacteria;__;__;__;__;__,1.0478596848497026
441,d__Bacteria;p__Bacteroidota;c__Bacteroidia;o__Bacteroidales;f__Muribaculaceae;g__UBA3263,1.0573880738497012
442,d__Bacteria;p__Bacillota_I;c__Bacilli_A;o__MOL361;f__Turicibacteraceae;g__Turicibacter,1.0619534778497013
443,d__Bacteria;p__Bacteroidota;c__Bacteroidia;o__Bacteroidales;f__Rikenellaceae;g__Alistipes_A_871400,1.0694032028497014
444,d__Bacteria;p__Bacillota_A_368345;c__Clostridia_258483;o__Oscillospirales;f__Acutalibacteraceae;g__Fimenecus,1.0744099651497014
445,d__Bacteria;p__Cyanobacteriota;c__Vampirovibrionia;o__Gastranaerophilales;f__Gastranaerophilaceae;g__Zag111,1.0801022318497018
446,d__Bacteria;p__Bacillota_A_368345;c__Clostridia_258483;o__Lachnospirales;f__Lachnospiraceae;g__Scatomonas,1.0886835556497017
447,d__Bacteria;p__Bacteroidota;c__Bacteroidia;o__Bacteroidales;f__Bacteroidaceae;g__UBA6382,1.1095824243497017
448,d__Bacteria;p__Bacillota_A_368345;c__Clostridia_258483;o__Christensenellales;f__GCA-900066905;g__Luoshenia,1.1113377178497017
449,d__Bacteria;p__Bacillota_I;c__Bacilli_A;o__RF39;f__UBA660;g__CAJOJO01,1.1168207459497013
450,d__Bacteria;p__Bacillota_I;c__Bacilli_A;o__RF39;f__UBA660;g__CAG-1000,1.1242695999497017
451,d__Bacteria;p__Bacillota_A_368345;c__Clostridia_258483;o__Oscillospirales;f__Ruminococcaceae;g__Massilioclostridium,1.1256577121497018
452,d__Bacteria;p__Bacillota_I;c__Bacilli_A;o__RF39;f__UBA660;g__Onthocola_B,1.1441994958497015
453,d__Bacteria;p__Bacillota_I;c__Bacilli_A;o__Lactobacillales;f__Lactobacillaceae;g__Weissella,1.1471659328497026
454,d__Bacteria;p__Bacillota_I;c__Bacilli_A;o__RF39;f__UBA660;g__UBA6448,1.1486760643497016
455,d__Bacteria;p__Bacillota_A_368345;c__Clostridia_258483;o__Christensenellales;f__;g__,1.1510829148497015
456,d__Bacteria;p__Bacillota_I;c__Bacilli_A;o__Lactobacillales;f__Aerococcaceae;g__Granulicatella,1.1653300748497015
457,d__Bacteria;p__Pseudomonadota;c__Gammaproteobacteria;o__Burkholderiales;f__Burkholderiaceae_A_595425;g__Lautropia,1.1674841765497017
458,d__Bacteria;p__Bacillota_I;c__Bacilli_A;o__RF39;f__UBA660;g__RUG13038,1.1715715094997017
459,d__Bacteria;p__Bacillota_A_368345;c__Clostridia_258483;o__Monoglobales;f__Monoglobaceae;g__Monoglobus,1.172176054849701
460,d__Bacteria;p__Bacillota_A_368345;c__Clostridia_258483;o__Oscillospirales;f__Ruminococcaceae;g__Gemmiger_A_73129,1.1791850848497019
461,d__Bacteria;p__Bacillota_A_368345;c__Clostridia_258483;o__Oscillospirales;f__Acutalibacteraceae;g__Solibaculum,1.1821398388497015
462,d__Bacteria;p__Bacteroidota;c__Bacteroidia;o__Bacteroidales;f__Muribaculaceae;__,1.1837216626497011
463,d__Bacteria;p__Bacillota_A_368345;c__Clostridia_258483;o__Monoglobales;f__Monoglobaceae;g__,1.2028774768497015
464,d__Bacteria;p__Actinomycetota;c__Actinomycetes;o__Actinomycetales;f__Actinomycetaceae;g__Actinomyces,1.2171557078497015
465,d__Bacteria;p__Bacillota_A_368345;c__Clostridia_258483;o__TANB77;f__CAG-508;g__CAG-269,1.2247044369497018
466,d__Bacteria;p__Bacillota_A_368345;c__Clostridia_258483;o__Peptostreptococcales;f__Anaerovoracaceae;g__Lentihominibacter,1.2797389748497012
467,d__Bacteria;p__Bacillota_A_368345;c__Clostridia_258483;o__Oscillospirales;f__Acutalibacteraceae;g__UMGS1071,1.2798671328497018
468,d__Bacteria;p__Bacillota_A_368345;c__Clostridia_258483;o__TANB77;f__CAG-508;g__CAG-273,1.2859472798497018
469,d__Bacteria;p__Bacillota_A_368345;c__Clostridia_258483;o__Oscillospirales;f__Ruminococcaceae;g__Ruthenibacterium,1.2948172648497018
470,d__Bacteria;p__Bacillota_I;c__Bacilli_A;o__Erysipelotrichales;f__Coprobacillaceae;g__Coprobacillus,1.3120713648497022
471,d__Bacteria;p__Bacillota_A_368345;c__Clostridia_258483;o__Oscillospirales;f__QAKW01;g__QAKW01,1.3161570670497016
472,d__Bacteria;p__Bacillota_I;c__Bacilli_A;o__Erysipelotrichales;f__Coprobacillaceae;g__Faecalibacillus,1.3164583948497017
473,d__Archaea;p__Methanobacteriota_A_1229;c__Methanobacteria;o__Methanobacteriales;f__Methanobacteriaceae;g__Methanobrevibacter_A,1.3301806928497018
474,d__Bacteria;p__Bacillota_I;c__Bacilli_A;o__RF39;f__UBA660;g__,1.3531534568497015
475,d__Bacteria;p__Pseudomonadota;c__Gammaproteobacteria;__;__;__,1.3538272048497018
476,d__Bacteria;p__Bacillota_A_368345;c__Clostridia_258483;o__Christensenellales;f__CAG-138;g__,1.357741324849702
477,d__Bacteria;p__Bacillota_I;c__Bacilli_A;o__RF39;f__UBA660;g__RUG12438,1.385385903849702
478,d__Bacteria;p__Actinomycetota;c__Coriobacteriia;o__Coriobacteriales;f__Atopobiaceae;g__Olsenella_H_405128,1.386210351849701
479,d__Bacteria;p__Bacillota_C;c__Negativicutes;o__Veillonellales;f__Megasphaeraceae;g__Caecibacter,1.3991006608497014
480,d__Bacteria;p__Bacillota_A_368345;c__Clostridia_258483;o__Oscillospirales;f__Ruminococcaceae;g__Hydrogenoanaerobacterium,1.4070873568497013
481,d__Bacteria;p__Bacteroidota;c__Bacteroidia;o__Bacteroidales;f__Rikenellaceae;g__Alistipes_A_871404,1.4566381088497016
482,d__Bacteria;p__Bacillota_A_368345;c__Clostridia_258483;o__Lachnospirales;f__Lachnospiraceae;g__Eubacterium_J,1.461883644849702
483,d__Bacteria;p__Bacillota_A_368345;c__Clostridia_258483;o__Peptostreptococcales;f__Anaerovoracaceae;g__Eubacterium_N_234271,1.502200172649702
484,d__Bacteria;p__Bacillota_I;c__Bacilli_A;o__Bacillales_B_306089;f__Anoxybacillaceae;g__Geobacillus,1.5057537898497018
485,d__Bacteria;p__Bacillota_A_368345;c__Clostridia_258483;o__Christensenellales;f__CAG-138;g__SFDB01,1.5187880648497016
486,d__Bacteria;p__Bacillota_A_368345;c__Clostridia_258483;o__Oscillospirales;f__Ruminococcaceae;g__Anaerofilum_74150,1.5276647848497018
487,d__Bacteria;p__Synergistota;c__Synergistia;o__Synergistales;f__Synergistaceae;g__Cloacibacillus,1.5509396708497019
488,d__Bacteria;p__Pseudomonadota;__;__;__;__,1.5528014548497016
489,d__Bacteria;p__Verrucomicrobiota;c__Kiritimatiellia;o__RFP12;f__UBA1067;g__Spyradenecus,1.578203124849702
490,d__Bacteria;p__Bacillota_A_368345;c__Clostridia_258483;o__Lachnospirales;f__Lachnospiraceae;g__Massilistercora,1.5870047148497013
491,d__Bacteria;p__Bacillota_A_368345;c__Clostridia_258483;o__Christensenellales;f__Aristaeellaceae;g__,1.5984179848497015
492,d__Bacteria;p__Bacillota_A_368345;c__Clostridia_258483;o__UBA1381;f__UBA1381;g__Hominilimicola,1.6152639348497018
493,d__Bacteria;p__Bacillota_A_368345;c__Clostridia_258483;o__Christensenellales;f__Aristaeellaceae;g__Limiplasma,1.6356926348497027
494,d__Bacteria;p__Bacillota_C;c__Negativicutes;o__Selenomonadales;f__Selenomonadaceae_42771;g__Centipeda,1.6460717768497022
495,d__Bacteria;p__Pseudomonadota;c__Alphaproteobacteria;o__Rickettsiales;f__Mitochondria;g__,1.6560816318497018
496,d__Bacteria;p__Actinomycetota;c__Coriobacteriia;o__Coriobacteriales;f__Eggerthellaceae;__,1.6663922648497016
497,d__Bacteria;p__Bacillota_A_368345;c__Clostridia_258483;o__Oscillospirales;f__Acutalibacteraceae;g__CAG-217,1.691623914849702
498,d__Bacteria;p__Bacillota_A_368345;c__Clostridia_258483;o__Lachnospirales;f__Lachnospiraceae;g__C-53,1.6991044048497017
499,d__Bacteria;p__Bacillota_I;c__Bacilli_A;o__RF39;f__UBA660;g__Coprosoma,1.7322812038497022
500,d__Bacteria;p__Actinomycetota;c__Coriobacteriia;o__Coriobacteriales;f__QAMH01;g__QAMH01,1.7607422248497016
501,d__Bacteria;p__Bacillota_I;c__Bacilli_A;o__RF39;f__UBA660;g__CAG-302,1.7748207748497016
502,d__Bacteria;p__Verrucomicrobiota;c__Verrucomicrobiae;o__Verrucomicrobiales;f__Akkermansiaceae;g__Akkermansia,1.810961104849701
503,d__Bacteria;p__Bacillota_A_368345;c__Clostridia_258483;o__Oscillospirales;f__Acutalibacteraceae;g__DTU089,1.8384029348497015
504,d__Bacteria;p__Bacillota_A_368345;c__Clostridia_258483;o__Oscillospirales;f__Ruminococcaceae;g__Acetanaerobacterium,1.8743466948497018
505,d__Bacteria;p__Pseudomonadota;c__Gammaproteobacteria;o__Enterobacterales_737866;__;__,1.8810977748497015
506,d__Bacteria;p__Bacillota_A_368345;c__Clostridia_258483;o__Eubacteriales;f__Anaerofustaceae;g__,1.9023587648497025
507,d__Bacteria;p__Bacillota_I;c__Bacilli_A;o__Erysipelotrichales;f__Coprobacillaceae;g__,1.9458104148497017
508,d__Bacteria;p__Actinomycetota;c__Coriobacteriia;o__Coriobacteriales;f__Eggerthellaceae;g__Gordonibacter,2.008345194849701
509,d__Bacteria;p__Actinomycetota;c__Coriobacteriia;o__Coriobacteriales;f__Eggerthellaceae;g__Anaerotardibacter,2.0519061748497025
510,d__Bacteria;p__Cyanobacteriota;c__Chloroplast;o__;f__;g__,2.115699794849701
511,d__Bacteria;p__Bacteroidota;c__Bacteroidia;o__Bacteroidales;f__Rikenellaceae;__,2.1336732148497015
512,d__Bacteria;p__Actinomycetota;c__Coriobacteriia;o__Coriobacteriales;f__Eggerthellaceae;g__Slackia,2.1915261248497004
513,d__Bacteria;p__Actinomycetota;c__Coriobacteriia;o__Coriobacteriales;f__Atopobiaceae;g__Paratractidigestivibacter,2.2264107748497004
514,d__Bacteria;p__Bacillota_A_368345;c__Clostridia_258483;o__Christensenellales;__;__,2.2502829448497024
515,d__Bacteria;p__Bacillota_B_370539;c__Dehalobacteriia;o__Dehalobacteriales;f__Dehalobacteriaceae;g__,2.2579469248497013
516,d__Bacteria;p__Actinomycetota;c__Coriobacteriia;o__Coriobacteriales;f__Eggerthellaceae;g__Ellagibacter,2.2820516248497014
517,d__Bacteria;p__Actinomycetota;c__Actinomycetes;o__Actinomycetales;f__Actinomycetaceae;g__Peptidiphaga,2.3396584848497013
518,d__Bacteria;p__Bacillota_C;c__Negativicutes;o__Veillonellales;f__Veillonellaceae;g__F0422,2.348551894849703
519,d__Bacteria;p__Bacillota_A_368345;c__Clostridia_258483;o__Christensenellales;f__Christensenellaceae;g__Christensenella,2.4093397848497022
520,d__Bacteria;p__Actinomycetota;c__Coriobacteriia;o__Coriobacteriales;f__Eggerthellaceae;g__Raoultibacter,2.7550251248497033
521,d__Bacteria;p__Bacillota_A_368345;c__Clostridia_258483;o__Lachnospirales;f__Lachnospiraceae;g__Howardella,2.9349035248497013
522,d__Bacteria;p__Actinomycetota;c__Coriobacteriia;o__Coriobacteriales;f__Eggerthellaceae;g__Adlercreutzia_A_404199,3.7786482248497033
523,d__Bacteria;p__Actinomycetota;c__Coriobacteriia;o__Coriobacteriales;f__Eggerthellaceae;g__UBA9715,4.314315524849702
524,d__Bacteria;p__Pseudomonadota;c__Gammaproteobacteria;o__Burkholderiales;f__Neisseriaceae;g__Kingella_B_563201,4.6245870248497
525,d__Bacteria;p__Pseudomonadota;c__Gammaproteobacteria;o__Pseudomonadales_A_650611;f__Pseudomonadaceae;g__Pseudomonas_B_650326,4.6925139248497025
526,d__Bacteria;p__Bacteroidota;c__Bacteroidia;o__Flavobacteriales_B_877923;f__Flavobacteriaceae;g__Capnocytophaga,4.894190624849702
527,d__Bacteria;p__Pseudomonadota;c__Alphaproteobacteria;o__Rhizobiales_505101;f__Rhizobiaceae;g__Ensifer_A_499891,4.894404124849699
528,d__Bacteria;p__Campylobacterota_A;c__Campylobacteria;o__Campylobacterales;f__Campylobacteraceae;__,4.938646424849701
529,d__Bacteria;p__Bacillota_I;c__Bacilli_A;o__Lactobacillales;f__Aerococcaceae;g__Abiotrophia,5.7902937248497
530,d__Bacteria;p__Pseudomonadota;c__Gammaproteobacteria;o__Burkholderiales;f__Burkholderiaceae_A_595421;g__Burkholderia,6.101002124849699
531,d__Bacteria;p__Fusobacteriota;c__Fusobacteriia;o__Fusobacteriales;f__Leptotrichiaceae;g__Leptotrichia_A_993641,6.448036224849705
532,d__Bacteria;p__Pseudomonadota;c__Gammaproteobacteria;o__Burkholderiales;f__Burkholderiaceae_A_593909;__,8.0631032248497
